-- 当前数据快照（由 data/local-store.json 生成）
-- 注意：该脚本默认先清空目标表，再全量写入
START TRANSACTION;

DELETE FROM lineup_current;
DELETE FROM tournament_team;
DELETE FROM dim_player;
DELETE FROM dim_team;
DELETE FROM dim_tournament;

INSERT INTO dim_tournament (id, league_id, league_name, created_at, updated_at) VALUES
(1,'19696','DreamLeague Season 29','2026-06-08T04:07:36.158Z','2026-06-08T04:07:36.158Z'),
(2,'19543','PGL Wallachia 2026 Season 8','2026-06-08T04:07:36.158Z','2026-06-08T04:07:36.158Z'),
(3,'19435','PGL Wallachia 2026 Season 7','2026-06-08T04:07:36.158Z','2026-06-08T04:07:36.158Z'),
(4,'19422','ESL One Birmingham 2026','2026-06-08T04:07:36.158Z','2026-06-08T04:07:36.158Z'),
(5,'19269','DreamLeague Season 28','2026-06-08T04:07:36.158Z','2026-06-08T04:07:36.158Z'),
(6,'19255','Premier Series','2026-06-08T04:07:36.158Z','2026-06-08T04:07:36.158Z'),
(7,'19239','FISSURE Universe Episode 8','2026-06-08T04:07:36.158Z','2026-06-08T04:07:36.158Z'),
(8,'19099','BLAST SLAM VI','2026-06-08T04:07:36.158Z','2026-06-08T04:07:36.158Z'),
(9,'18988','DreamLeague Season 27','2026-06-08T04:07:36.158Z','2026-06-08T04:07:36.158Z');

INSERT INTO dim_team (id, team_ext_id, team_name, team_tag, created_at, updated_at) VALUES
(1,'36','Natus Vincere','NAVI','2026-06-08T04:07:36.158Z','2026-06-08T04:07:36.158Z'),
(2,'2163','Team Liquid','Liquid','2026-06-08T04:07:36.158Z','2026-06-08T04:07:36.158Z'),
(3,'726228','Vici Gaming','VG','2026-06-08T04:07:36.158Z','2026-06-08T04:07:36.158Z'),
(4,'7119388','Team Spirit','TSpirit','2026-06-08T04:07:36.158Z','2026-06-08T04:07:36.158Z'),
(5,'8255888','BetBoom Team','BetBoom','2026-06-08T04:07:36.158Z','2026-06-08T04:07:36.158Z'),
(6,'8261500','Xtreme Gaming','XG','2026-06-08T04:07:36.158Z','2026-06-08T04:07:36.158Z'),
(7,'8291895','Tundra Esports','Tundra','2026-06-08T04:07:36.158Z','2026-06-08T04:07:36.158Z'),
(8,'9247354','Team Falcons','FLCN','2026-06-08T04:07:36.158Z','2026-06-08T04:07:36.158Z'),
(9,'9467224','Aurora Gaming','Aurora','2026-06-08T04:07:36.158Z','2026-06-08T04:07:36.158Z'),
(10,'9572001','PARIVISION','PV','2026-06-08T04:07:36.158Z','2026-06-08T04:07:36.158Z'),
(11,'9828897','REKONIX','RKX','2026-06-08T04:07:36.158Z','2026-06-08T04:07:36.158Z'),
(12,'9895392','Virtus.pro','VP','2026-06-08T04:07:36.158Z','2026-06-08T04:07:36.158Z'),
(13,'9964962','GamerLegion','GL','2026-06-08T04:07:36.158Z','2026-06-08T04:07:36.158Z'),
(14,'10020555','PlayTime','PlayTime','2026-06-08T04:07:36.158Z','2026-06-08T04:07:36.158Z'),
(15,'10136357','Nigma Galaxy','NGX','2026-06-08T04:07:36.158Z','2026-06-08T04:07:36.158Z'),
(16,'10144195','ex-HEROIC','HEROIC','2026-06-08T04:07:36.158Z','2026-06-08T04:07:36.158Z'),
(17,'36','Natus Vincere','NAVI','2026-06-08T04:07:36.158Z','2026-06-08T04:07:36.158Z'),
(18,'2163','Team Liquid','Liquid','2026-06-08T04:07:36.158Z','2026-06-08T04:07:36.158Z'),
(19,'726228','Vici Gaming','VG','2026-06-08T04:07:36.158Z','2026-06-08T04:07:36.158Z'),
(20,'7119388','Team Spirit','TSpirit','2026-06-08T04:07:36.158Z','2026-06-08T04:07:36.158Z'),
(21,'8255888','BetBoom Team','BetBoom','2026-06-08T04:07:36.158Z','2026-06-08T04:07:36.158Z'),
(22,'8261500','Xtreme Gaming','XG','2026-06-08T04:07:36.158Z','2026-06-08T04:07:36.158Z'),
(23,'8291895','Tundra Esports','Tundra','2026-06-08T04:07:36.158Z','2026-06-08T04:07:36.158Z'),
(24,'9247354','Team Falcons','FLCN','2026-06-08T04:07:36.158Z','2026-06-08T04:07:36.158Z'),
(25,'9303484','HEROIC','HEROIC','2026-06-08T04:07:36.158Z','2026-06-08T04:07:36.158Z'),
(26,'9338413','MOUZ','MOUZ','2026-06-08T04:07:36.158Z','2026-06-08T04:07:36.158Z'),
(27,'9467224','Aurora Gaming','Aurora','2026-06-08T04:07:36.158Z','2026-06-08T04:07:36.158Z'),
(28,'9572001','PARIVISION','PV','2026-06-08T04:07:36.158Z','2026-06-08T04:07:36.158Z'),
(29,'9823272','Team Yandex','TY','2026-06-08T04:07:36.158Z','2026-06-08T04:07:36.158Z'),
(30,'9895392','Virtus.pro','VP','2026-06-08T04:07:36.158Z','2026-06-08T04:07:36.158Z'),
(31,'9964962','GamerLegion','GL','2026-06-08T04:07:36.158Z','2026-06-08T04:07:36.158Z'),
(32,'10108947','SouthAmericaRejects','SAR','2026-06-08T04:07:36.158Z','2026-06-08T04:07:36.158Z'),
(33,'36','Natus Vincere','NAVI','2026-06-08T04:07:36.158Z','2026-06-08T04:07:36.158Z'),
(34,'2163','Team Liquid','Liquid','2026-06-08T04:07:36.158Z','2026-06-08T04:07:36.158Z'),
(35,'726228','Vici Gaming','VG','2026-06-08T04:07:36.158Z','2026-06-08T04:07:36.158Z'),
(36,'2576071','Yellow Submarine','YeS','2026-06-08T04:07:36.158Z','2026-06-08T04:07:36.158Z'),
(37,'2586976','OG','OG','2026-06-08T04:07:36.158Z','2026-06-08T04:07:36.158Z'),
(38,'7119388','Team Spirit','TSpirit','2026-06-08T04:07:36.158Z','2026-06-08T04:07:36.158Z'),
(39,'8255888','BetBoom Team','BetBoom','2026-06-08T04:07:36.158Z','2026-06-08T04:07:36.158Z'),
(40,'8261500','Xtreme Gaming','XG','2026-06-08T04:07:36.158Z','2026-06-08T04:07:36.158Z'),
(41,'8291895','Tundra Esports','Tundra','2026-06-08T04:07:36.158Z','2026-06-08T04:07:36.158Z'),
(42,'9247354','Team Falcons','FLCN','2026-06-08T04:07:36.158Z','2026-06-08T04:07:36.158Z'),
(43,'9303484','HEROIC','HEROIC','2026-06-08T04:07:36.158Z','2026-06-08T04:07:36.158Z'),
(44,'9338413','MOUZ','MOUZ','2026-06-08T04:07:36.158Z','2026-06-08T04:07:36.158Z'),
(45,'9467224','Aurora Gaming','Aurora','2026-06-08T04:07:36.158Z','2026-06-08T04:07:36.158Z'),
(46,'9572001','PARIVISION','PV','2026-06-08T04:07:36.158Z','2026-06-08T04:07:36.158Z'),
(47,'9691969','Team Nemesis','NMSS','2026-06-08T04:07:36.158Z','2026-06-08T04:07:36.158Z'),
(48,'9823272','Team Yandex','TY','2026-06-08T04:07:36.158Z','2026-06-08T04:07:36.158Z'),
(49,'67','paiN Gaming','paiN','2026-06-08T04:07:36.158Z','2026-06-08T04:07:36.158Z'),
(50,'2586976','OG','OG','2026-06-08T04:07:36.158Z','2026-06-08T04:07:36.158Z'),
(51,'7119388','Team Spirit','TSpirit','2026-06-08T04:07:36.158Z','2026-06-08T04:07:36.158Z'),
(52,'7554697','Nigma Galaxy','NGX','2026-06-08T04:07:36.158Z','2026-06-08T04:07:36.158Z'),
(53,'8255888','BetBoom Team','BetBoom','2026-06-08T04:07:36.158Z','2026-06-08T04:07:36.158Z'),
(54,'8261500','Xtreme Gaming','XG','2026-06-08T04:07:36.158Z','2026-06-08T04:07:36.158Z'),
(55,'8291895','Tundra Esports','Tundra','2026-06-08T04:07:36.158Z','2026-06-08T04:07:36.158Z'),
(56,'9247354','Team Falcons','FLCN','2026-06-08T04:07:36.158Z','2026-06-08T04:07:36.158Z'),
(57,'9338413','MOUZ','MOUZ','2026-06-08T04:07:36.158Z','2026-06-08T04:07:36.158Z'),
(58,'9351740','Yakult Brothers','YB','2026-06-08T04:07:36.158Z','2026-06-08T04:07:36.158Z'),
(59,'9467224','Aurora Gaming','Aurora','2026-06-08T04:07:36.158Z','2026-06-08T04:07:36.158Z'),
(60,'9572001','PARIVISION','PV','2026-06-08T04:07:36.158Z','2026-06-08T04:07:36.158Z'),
(61,'9823272','Team Yandex','TY','2026-06-08T04:07:36.158Z','2026-06-08T04:07:36.158Z'),
(62,'9828897','REKONIX','RKX','2026-06-08T04:07:36.158Z','2026-06-08T04:07:36.158Z'),
(63,'9895392','Virtus.pro','VP','2026-06-08T04:07:36.158Z','2026-06-08T04:07:36.158Z'),
(64,'9964962','GamerLegion','GL','2026-06-08T04:07:36.158Z','2026-06-08T04:07:36.158Z'),
(65,'36','Natus Vincere','NAVI','2026-06-08T04:07:36.158Z','2026-06-08T04:07:36.158Z'),
(66,'67','paiN Gaming','paiN','2026-06-08T04:07:36.158Z','2026-06-08T04:07:36.158Z'),
(67,'2163','Team Liquid','Liquid','2026-06-08T04:07:36.158Z','2026-06-08T04:07:36.158Z'),
(68,'2586976','OG','OG','2026-06-08T04:07:36.158Z','2026-06-08T04:07:36.158Z'),
(69,'7119388','Team Spirit','TSpirit','2026-06-08T04:07:36.158Z','2026-06-08T04:07:36.158Z'),
(70,'8254145','Execration','XctN','2026-06-08T04:07:36.158Z','2026-06-08T04:07:36.158Z'),
(71,'8255888','BetBoom Team','BetBoom','2026-06-08T04:07:36.158Z','2026-06-08T04:07:36.158Z'),
(72,'8261500','Xtreme Gaming','XG','2026-06-08T04:07:36.158Z','2026-06-08T04:07:36.158Z'),
(73,'8291895','Tundra Esports','Tundra','2026-06-08T04:07:36.158Z','2026-06-08T04:07:36.158Z'),
(74,'9247354','Team Falcons','FLCN','2026-06-08T04:07:36.158Z','2026-06-08T04:07:36.158Z'),
(75,'9338413','MOUZ','MOUZ','2026-06-08T04:07:36.158Z','2026-06-08T04:12:04.900Z'),
(76,'9351740','Yakult Brothers','YB','2026-06-08T04:07:36.158Z','2026-06-08T04:07:36.158Z'),
(77,'9467224','Aurora Gaming','Aurora','2026-06-08T04:07:36.158Z','2026-06-08T04:07:36.158Z'),
(78,'9572001','PARIVISION','PV','2026-06-08T04:07:36.158Z','2026-06-08T04:07:36.158Z'),
(79,'9823272','Team Yandex','TY','2026-06-08T04:07:36.158Z','2026-06-08T04:07:36.158Z'),
(80,'9964962','GamerLegion','GL','2026-06-08T04:07:36.158Z','2026-06-08T04:07:36.158Z'),
(81,'55','Power Rangers','PR','2026-06-08T04:07:36.158Z','2026-06-08T04:07:36.158Z'),
(82,'2163','Team Liquid','Liquid','2026-06-08T04:07:36.158Z','2026-06-08T04:07:36.158Z'),
(83,'2576071','Yellow Submarine','YeS','2026-06-08T04:07:36.158Z','2026-06-08T04:07:36.158Z'),
(84,'5014799','Nemiga Gaming','Nemiga','2026-06-08T04:07:36.158Z','2026-06-08T04:07:36.158Z'),
(85,'7119388','Team Spirit','TSpirit','2026-06-08T04:07:36.158Z','2026-06-08T04:07:36.158Z'),
(86,'7554697','Nigma Galaxy','NGX','2026-06-08T04:07:36.158Z','2026-06-08T04:07:36.158Z'),
(87,'9255039','1w Team','1w','2026-06-08T04:07:36.158Z','2026-06-08T04:07:36.158Z'),
(88,'9303383','L1GA TEAM','L1','2026-06-08T04:07:36.158Z','2026-06-08T04:07:36.158Z'),
(89,'9303484','HEROIC','HEROIC','2026-06-08T04:07:36.158Z','2026-06-08T04:07:36.158Z'),
(90,'9338413','MOUZ','MOUZ','2026-06-08T04:07:36.158Z','2026-06-08T04:07:36.158Z'),
(91,'9498970','AVULUS','AVULUS','2026-06-08T04:07:36.158Z','2026-06-08T04:07:36.158Z'),
(92,'9572001','PARIVISION','PV','2026-06-08T04:07:36.158Z','2026-06-08T04:07:36.158Z'),
(93,'9600141','Zero Tenacity','Z10','2026-06-08T04:07:36.158Z','2026-06-08T04:07:36.158Z'),
(94,'9872558','Virtus.pro Prodigy','VPP','2026-06-08T04:07:36.158Z','2026-06-08T04:07:36.158Z'),
(95,'9872667','Pipsqueak+4','PIPS4','2026-06-08T04:07:36.158Z','2026-06-08T04:07:36.158Z'),
(96,'9895247','Runa Esports','RE','2026-06-08T04:07:36.158Z','2026-06-08T04:07:36.158Z'),
(97,'9895392','Virtus.pro','VP','2026-06-08T04:07:36.158Z','2026-06-08T04:07:36.158Z'),
(98,'9948367','Team Secret Academy','TSA','2026-06-08T04:07:36.158Z','2026-06-08T04:07:36.158Z'),
(99,'9964962','GamerLegion','GL','2026-06-08T04:07:36.158Z','2026-06-08T04:07:36.158Z'),
(100,'10067598','Shpilit','Shpilit','2026-06-08T04:07:36.158Z','2026-06-08T04:07:36.158Z'),
(101,'10081431','A+5','A+5','2026-06-08T04:07:36.158Z','2026-06-08T04:07:36.158Z'),
(102,'55','Power Rangers','PR','2026-06-08T04:07:36.158Z','2026-06-08T04:07:36.158Z'),
(103,'2163','Team Liquid','Liquid','2026-06-08T04:07:36.158Z','2026-06-08T04:07:36.158Z'),
(104,'5014799','Nemiga Gaming','Nemiga','2026-06-08T04:07:36.158Z','2026-06-08T04:07:36.158Z'),
(105,'7119388','Team Spirit','TSpirit','2026-06-08T04:07:36.158Z','2026-06-08T04:07:36.158Z'),
(106,'7554697','Nigma Galaxy','NGX','2026-06-08T04:07:36.158Z','2026-06-08T04:07:36.158Z'),
(107,'8255888','BetBoom Team','BetBoom','2026-06-08T04:07:36.158Z','2026-06-08T04:07:36.158Z'),
(108,'9255039','1w Team','1w','2026-06-08T04:07:36.158Z','2026-06-08T04:07:36.158Z'),
(109,'9303383','L1GA TEAM','L1','2026-06-08T04:07:36.158Z','2026-06-08T04:07:36.158Z'),
(110,'9338413','MOUZ','MOUZ','2026-06-08T04:07:36.158Z','2026-06-08T04:07:36.158Z'),
(111,'9467224','Aurora Gaming','Aurora','2026-06-08T04:07:36.158Z','2026-06-08T04:07:36.158Z'),
(112,'9498970','AVULUS','AVULUS','2026-06-08T04:07:36.158Z','2026-06-08T04:07:36.158Z'),
(113,'9600141','Zero Tenacity','Z10','2026-06-08T04:07:36.158Z','2026-06-08T04:07:36.158Z'),
(114,'9823272','Team Yandex','TY','2026-06-08T04:07:36.158Z','2026-06-08T04:07:36.158Z'),
(115,'9872558','Virtus.pro Prodigy','VPP','2026-06-08T04:07:36.158Z','2026-06-08T04:07:36.158Z'),
(116,'9872667','Pipsqueak+4','PIPS4','2026-06-08T04:07:36.158Z','2026-06-08T04:07:36.158Z'),
(117,'9895247','Runa Esports','RE','2026-06-08T04:07:36.158Z','2026-06-08T04:07:36.158Z'),
(118,'9895392','Virtus.pro','VP','2026-06-08T04:07:36.158Z','2026-06-08T04:07:36.158Z'),
(119,'10019843','ICxI','ICxI','2026-06-08T04:07:36.158Z','2026-06-08T04:07:36.158Z'),
(120,'10019997','Team 1000','1000','2026-06-08T04:07:36.158Z','2026-06-08T04:07:36.158Z'),
(121,'10028038','VLNR','VLNR','2026-06-08T04:07:36.158Z','2026-06-08T04:07:36.158Z'),
(122,'10033620','Spiky Ball','SB','2026-06-08T04:07:36.158Z','2026-06-08T04:07:36.158Z'),
(123,'36','Natus Vincere','NAVI','2026-06-08T04:07:36.158Z','2026-06-08T04:07:36.158Z'),
(124,'2163','Team Liquid','Liquid','2026-06-08T04:07:36.158Z','2026-06-08T04:07:36.158Z'),
(125,'2586976','OG','OG','2026-06-08T04:07:36.158Z','2026-06-08T04:07:36.158Z'),
(126,'7119388','Team Spirit','TSpirit','2026-06-08T04:07:36.158Z','2026-06-08T04:07:36.158Z'),
(127,'8261500','Xtreme Gaming','XG','2026-06-08T04:07:36.158Z','2026-06-08T04:07:36.158Z'),
(128,'8291895','Tundra Esports','Tundra','2026-06-08T04:07:36.158Z','2026-06-08T04:07:36.158Z'),
(129,'9247354','Team Falcons','FLCN','2026-06-08T04:07:36.158Z','2026-06-08T04:07:36.158Z'),
(130,'9303484','HEROIC','HEROIC','2026-06-08T04:07:36.158Z','2026-06-08T04:07:36.158Z'),
(131,'9338413','MOUZ','MOUZ','2026-06-08T04:07:36.158Z','2026-06-08T04:07:36.158Z'),
(132,'9823272','Team Yandex','TY','2026-06-08T04:07:36.158Z','2026-06-08T04:07:36.158Z'),
(133,'9828897','REKONIX','RKX','2026-06-08T04:07:36.158Z','2026-06-08T04:07:36.158Z'),
(134,'9964962','GamerLegion','GL','2026-06-08T04:07:36.158Z','2026-06-08T04:07:36.158Z'),
(135,'2586976','OG','OG','2026-06-08T04:07:36.158Z','2026-06-08T04:07:36.158Z'),
(136,'7119388','Team Spirit','TSpirit','2026-06-08T04:07:36.158Z','2026-06-08T04:07:36.158Z'),
(137,'8261500','Xtreme Gaming','XG','2026-06-08T04:07:36.158Z','2026-06-08T04:07:36.158Z'),
(138,'8291895','Tundra Esports','Tundra','2026-06-08T04:07:36.158Z','2026-06-08T04:07:36.158Z'),
(139,'9247354','Team Falcons','FLCN','2026-06-08T04:07:36.158Z','2026-06-08T04:07:36.158Z'),
(140,'9572001','PARIVISION','PV','2026-06-08T04:07:36.158Z','2026-06-08T04:07:36.158Z'),
(141,'9823272','Team Yandex','TY','2026-06-08T04:07:36.158Z','2026-06-08T04:07:36.158Z'),
(142,'9895392','Virtus.pro','VP','2026-06-08T04:07:36.158Z','2026-06-08T04:07:36.158Z');

INSERT INTO dim_player (id, steamid64, current_nickname, created_at, updated_at) VALUES
(78,'76561198108877757','close quals volunteer','2026-06-08T04:07:36.158Z','2026-06-08T04:07:36.158Z'),
(94,'76561198117741251','XinQ','2026-06-08T04:07:36.158Z','2026-06-08T04:07:36.158Z'),
(171,'76561198280517752','Shiro','2026-06-08T04:07:36.158Z','2026-06-08T04:07:36.158Z'),
(172,'76561198097395311','Xm','2026-06-08T04:07:36.158Z','2026-06-08T04:07:36.158Z'),
(173,'76561198078399948','Faith_bian','2026-06-08T04:07:36.158Z','2026-06-08T04:07:36.158Z'),
(174,'76561198111227295','plAnet','2026-06-08T04:07:36.158Z','2026-06-08T04:07:36.158Z'),
(175,'76561198071380415','y`','2026-06-08T04:07:36.158Z','2026-06-08T04:07:36.158Z'),
(176,'76561198124772262','navarrett','2026-06-08T04:07:36.158Z','2026-06-08T04:07:36.158Z'),
(178,'76561198377870107','.','2026-06-08T04:07:36.158Z','2026-06-08T04:07:36.158Z'),
(179,'76561198377501213','prblms','2026-06-08T04:07:36.158Z','2026-06-08T04:07:36.158Z'),
(180,'76561198300686934','Мечта.','2026-06-08T04:07:36.158Z','2026-06-08T04:07:36.158Z'),
(201,'76561199131509476','𝒑𝒂𝒓𝒌𝒆𝒓','2026-06-08T04:07:36.158Z','2026-06-08T04:07:36.158Z'),
(221,'76561198112721251','V-Tune','2026-06-08T04:07:36.158Z','2026-06-08T04:07:36.158Z'),
(231,'76561198335773646','23','2026-06-08T04:07:36.158Z','2026-06-08T04:07:36.158Z'),
(232,'76561198064777854','Mac','2026-06-08T04:07:36.158Z','2026-06-08T04:07:36.158Z'),
(233,'76561198060737259','Jabz (Anucha Jirawong)','2026-06-08T04:07:36.158Z','2026-06-08T04:07:36.158Z'),
(234,'76561198154081419','Q','2026-06-08T04:07:36.158Z','2026-06-08T04:07:36.158Z'),
(235,'76561198108792701','Jaunuel (Jaunuel Arcilla)','2026-06-08T04:07:36.158Z','2026-06-08T04:07:36.158Z'),
(241,'76561198324023750','Wits','2026-06-08T04:07:36.158Z','2026-06-08T04:07:36.158Z'),
(292,'76561198262015854','Mikoto','2026-06-08T04:07:36.158Z','2026-06-08T04:07:36.158Z'),
(316,'76561198125228597','Shad','2026-06-08T04:07:36.158Z','2026-06-08T04:07:36.158Z'),
(327,'76561198312811439','DarkMago♥','2026-06-08T04:07:36.158Z','2026-06-08T04:07:36.158Z'),
(328,'76561198213002780','^','2026-06-08T04:07:36.158Z','2026-06-08T04:07:36.158Z'),
(329,'76561198118255226','Scofield:?KAT','2026-06-08T04:07:36.158Z','2026-06-08T04:07:36.158Z'),
(330,'76561198991812820','elmisho','2026-06-08T04:07:36.158Z','2026-06-08T04:07:36.158Z'),
(346,'76561198349287917','Palos','2026-06-08T04:07:36.158Z','2026-06-08T04:07:36.158Z'),
(347,'76561198133644429','Bob','2026-06-08T04:07:36.158Z','2026-06-08T04:07:36.158Z'),
(348,'76561198297841390','Tino','2026-06-08T04:07:36.158Z','2026-06-08T04:07:36.158Z'),
(349,'76561198360128526','Shanks','2026-06-08T04:07:36.158Z','2026-06-08T04:07:36.158Z'),
(350,'76561198060881833','cml','2026-06-08T04:07:36.158Z','2026-06-08T04:07:36.158Z'),
(376,'76561198128294443','flyfly','2026-06-08T04:07:36.158Z','2026-06-08T04:07:36.158Z'),
(377,'76561198073723523','Moon (Kam Boon Seng)','2026-06-08T04:07:36.158Z','2026-06-08T04:07:36.158Z'),
(378,'76561198100203650','Yang (Zhou Haiyang)','2026-06-08T04:07:36.158Z','2026-06-08T04:07:36.158Z'),
(379,'76561198168095042','Borax','2026-06-08T04:07:36.158Z','2026-06-08T04:07:36.158Z'),
(380,'76561198119113501','天命','2026-06-08T04:07:36.158Z','2026-06-08T04:07:36.158Z'),
(381,'76561198085066985','Nightfall','2026-06-08T04:07:36.158Z','2026-06-08T04:07:36.158Z'),
(411,'76561198155245255','Shigetsu','2026-06-08T04:07:36.158Z','2026-06-08T04:07:36.158Z'),
(414,'76561198178497315','not me','2026-06-08T04:07:36.158Z','2026-06-08T04:07:36.158Z'),
(415,'76561198177738041','Xakoda','2026-06-08T04:07:36.158Z','2026-06-08T04:07:36.158Z'),
(419,'76561198074427891','Milizé','2026-06-08T04:07:36.158Z','2026-06-08T04:07:36.158Z'),
(423,'76561198101100823','GAMBOT-PARIS','2026-06-08T04:07:36.158Z','2026-06-08T04:07:36.158Z'),
(428,'76561198099146304','Davai Lama','2026-06-08T04:07:36.158Z','2026-06-08T04:07:36.158Z'),
(433,'76561198344054190','мистер мораль','2026-06-08T04:07:36.158Z','2026-06-08T04:07:36.158Z'),
(436,'76561198280283328','ssnovv1','2026-06-08T04:07:36.158Z','2026-06-08T04:07:36.158Z'),
(437,'76561198100517430','Mirage`','2026-06-08T04:07:36.158Z','2026-06-08T04:07:36.158Z'),
(439,'76561198105331603','sayuw','2026-06-08T04:07:36.158Z','2026-06-08T04:07:36.158Z'),
(454,'76561198166363094','queezy小个子','2026-06-08T04:07:36.158Z','2026-06-08T04:07:36.158Z'),
(473,'76561198163616783','Malik','2026-06-08T04:07:36.158Z','2026-06-08T04:07:36.158Z'),
(475,'76561198329608198','Rainy...','2026-06-08T04:07:36.158Z','2026-06-08T04:07:36.158Z'),
(480,'76561198064599776','Kidaro','2026-06-08T04:07:36.158Z','2026-06-08T04:07:36.158Z'),
(486,'76561198868519959','goat','2026-06-08T04:07:36.158Z','2026-06-08T04:07:36.158Z'),
(487,'76561198124313075','?','2026-06-08T04:07:36.158Z','2026-06-08T04:07:36.158Z'),
(488,'76561198852751809','ice3','2026-06-08T04:07:36.158Z','2026-06-08T04:07:36.158Z'),
(489,'76561198148617232','Aidar','2026-06-08T04:07:36.158Z','2026-06-08T04:07:36.158Z'),
(490,'76561198442630632','marty supreme','2026-06-08T04:07:36.158Z','2026-06-08T04:07:36.158Z'),
(491,'76561198166908095','Ghost','2026-06-08T04:07:36.158Z','2026-06-08T04:07:36.158Z'),
(496,'76561198125376168','Retsu','2026-06-08T04:07:36.158Z','2026-06-08T04:07:36.158Z'),
(497,'76561198156748474','Ainkrad','2026-06-08T04:07:36.158Z','2026-06-08T04:07:36.158Z'),
(498,'76561199185239944','zarich','2026-06-08T04:07:36.158Z','2026-06-08T04:07:36.158Z'),
(499,'76561198044651463','Kyzko','2026-06-08T04:07:36.158Z','2026-06-08T04:07:36.158Z'),
(500,'76561198094822422','Solo','2026-06-08T04:07:36.158Z','2026-06-08T04:07:36.158Z'),
(502,'76561198091569360','4naloG','2026-06-08T04:07:36.158Z','2026-06-08T04:07:36.158Z'),
(505,'76561198077687195','SoNNeikO','2026-06-08T04:07:36.158Z','2026-06-08T04:07:36.158Z'),
(506,'76561199617401429','nesfeer','2026-06-08T04:07:36.158Z','2026-06-08T04:07:36.158Z'),
(507,'76561198254401149','Nicky`Cool','2026-06-08T04:07:36.158Z','2026-06-08T04:07:36.158Z'),
(508,'76561198324005381','alberkaaa','2026-06-08T04:07:36.158Z','2026-06-08T04:07:36.158Z'),
(509,'76561198255963198','Immersion','2026-06-08T04:07:36.158Z','2026-06-08T04:07:36.158Z'),
(510,'76561198145325287','Hduo','2026-06-08T04:07:36.158Z','2026-06-08T04:07:36.158Z'),
(516,'76561199001542402','selfhate','2026-06-08T04:07:36.158Z','2026-06-08T04:07:36.158Z'),
(517,'76561198087796531','young G','2026-06-08T04:07:36.158Z','2026-06-08T04:07:36.158Z'),
(518,'76561198118338524','GygyGaga','2026-06-08T04:07:36.158Z','2026-06-08T04:07:36.158Z'),
(519,'76561198042571493','velheor','2026-06-08T04:07:36.158Z','2026-06-08T04:07:36.158Z'),
(520,'76561198081106244','VaniLLl','2026-06-08T04:07:36.158Z','2026-06-08T04:07:36.158Z'),
(526,'76561198379208564','rincyq','2026-06-08T04:07:36.158Z','2026-06-08T04:07:36.158Z'),
(527,'76561198071885769','SumaiL','2026-06-08T04:07:36.158Z','2026-06-08T04:07:36.158Z'),
(528,'76561198100563280','No!ob','2026-06-08T04:07:36.158Z','2026-06-08T04:07:36.158Z'),
(529,'76561198112433885','OmaR','2026-06-08T04:07:36.158Z','2026-06-08T04:07:36.158Z'),
(530,'76561198061622614','GH','2026-06-08T04:07:36.158Z','2026-06-08T04:07:36.158Z'),
(531,'76561198132365456','Kiritych~','2026-06-08T04:07:36.158Z','2026-06-08T04:07:36.158Z'),
(532,'76561198440678391','gpk','2026-06-08T04:07:36.158Z','2026-06-08T04:07:36.158Z'),
(533,'76561198125830326','MieRo`','2026-06-08T04:07:36.158Z','2026-06-08T04:07:36.158Z'),
(534,'76561198278146366','Save-','2026-06-08T04:07:36.158Z','2026-06-08T04:07:36.158Z'),
(535,'76561198157143864','Kataomi`','2026-06-08T04:07:36.158Z','2026-06-08T04:07:36.158Z'),
(536,'76561198864397064','Munkushi~','2026-06-08T04:07:36.158Z','2026-06-08T04:07:36.158Z'),
(537,'76561198083289601','squad1x','2026-06-08T04:07:36.158Z','2026-06-08T04:07:36.158Z'),
(538,'76561198362849605','SSS','2026-06-08T04:07:36.158Z','2026-06-08T04:07:36.158Z'),
(539,'76561198135577625','swedenstrong','2026-06-08T04:07:36.158Z','2026-06-08T04:07:36.158Z'),
(540,'76561198083083221','命運 reinprince','2026-06-08T04:07:36.158Z','2026-06-08T04:07:36.158Z'),
(541,'76561198085710797','v1olent','2026-06-08T04:07:36.158Z','2026-06-08T04:07:36.158Z'),
(542,'76561198133804972','erase','2026-06-08T04:07:36.158Z','2026-06-08T04:07:36.158Z'),
(543,'76561198053792248','bb3px','2026-06-08T04:07:36.158Z','2026-06-08T04:07:36.158Z'),
(544,'76561199052823453','0000.','2026-06-08T04:07:36.158Z','2026-06-08T04:07:36.158Z'),
(545,'76561198084053443','RESPECT','2026-06-08T04:07:36.158Z','2026-06-08T04:07:36.158Z'),
(551,'76561198056449704','Naive-','2026-06-08T04:07:36.158Z','2026-06-08T04:07:36.158Z'),
(552,'76561198170319579','Lorenof','2026-06-08T04:07:36.158Z','2026-06-08T04:07:36.158Z'),
(553,'76561198087108257','Ws`','2026-06-08T04:07:36.158Z','2026-06-08T04:07:36.158Z'),
(554,'76561198216422051','Mira','2026-06-08T04:07:36.158Z','2026-06-08T04:07:36.158Z'),
(555,'76561198280485594','kaori','2026-06-08T04:07:36.158Z','2026-06-08T04:07:36.158Z'),
(556,'76561198115428035','Smiling Knight','2026-06-08T04:07:36.158Z','2026-06-08T04:07:36.158Z'),
(557,'76561198183648070','dualrazee','2026-06-08T04:07:36.158Z','2026-06-08T04:07:36.158Z'),
(558,'76561198052753168','Fraser','2026-06-08T04:07:36.158Z','2026-06-08T04:07:36.158Z'),
(559,'76561199642445187','Wein','2026-06-08T04:07:36.158Z','2026-06-08T04:07:36.158Z'),
(560,'76561199636164625','asdekor_r','2026-06-08T04:07:36.158Z','2026-06-08T04:07:36.158Z'),
(561,'76561198201785287','dream','2026-06-08T04:07:36.158Z','2026-06-08T04:07:36.158Z'),
(562,'76561198032658807','Mannik (Brezgin Vitaliy)','2026-06-08T04:07:36.158Z','2026-06-08T04:07:36.158Z'),
(563,'76561198076514883','Nefrit','2026-06-08T04:07:36.158Z','2026-06-08T04:07:36.158Z'),
(564,'76561198075730682','dEsire','2026-06-08T04:07:36.158Z','2026-06-08T04:07:36.158Z'),
(565,'76561198309576604','MoOz','2026-06-08T04:07:36.158Z','2026-06-08T04:07:36.158Z'),
(571,'76561198216710721','extract','2026-06-08T04:07:36.158Z','2026-06-08T04:07:36.158Z'),
(572,'76561198820411296','Огузок сильнейший игрок на поле','2026-06-08T04:07:36.158Z','2026-06-08T04:07:36.158Z'),
(573,'76561198272808425','Faith_bian','2026-06-08T04:07:36.158Z','2026-06-08T04:07:36.158Z'),
(574,'76561198808117561','опиаты круг','2026-06-08T04:07:36.158Z','2026-06-08T04:07:36.158Z'),
(575,'76561198245547980','JANTER','2026-06-08T04:07:36.158Z','2026-06-08T04:07:36.158Z'),
(576,'76561198839283708','DarkLord^','2026-06-08T04:07:36.158Z','2026-06-08T04:07:36.158Z'),
(577,'76561198075917020','Copy','2026-06-08T04:07:36.158Z','2026-06-08T04:07:36.158Z'),
(578,'76561198077147248','Palantimos (Nikita Grinkevich)','2026-06-08T04:07:36.158Z','2026-06-08T04:07:36.158Z'),
(579,'76561198190753457','Ekki','2026-06-08T04:07:36.158Z','2026-06-08T04:07:36.158Z'),
(580,'76561199162533405','aik','2026-06-08T04:07:36.158Z','2026-06-08T04:07:36.158Z'),
(581,'76561198194385478','I&#x27;m sorry','2026-06-08T04:07:36.158Z','2026-06-08T04:07:36.158Z'),
(582,'76561199114063829','Ethereal','2026-06-08T04:07:36.158Z','2026-06-08T04:07:36.158Z'),
(583,'76561199635783225','Ankou ♡','2026-06-08T04:07:36.158Z','2026-06-08T04:07:36.158Z'),
(584,'76561198395405098','panacea','2026-06-08T04:07:36.158Z','2026-06-08T04:07:36.158Z'),
(585,'76561198129782488','help me my lord','2026-06-08T04:07:36.158Z','2026-06-08T04:07:36.158Z'),
(587,'76561198360069944','Serenada','2026-06-08T04:07:36.158Z','2026-06-08T04:07:36.158Z'),
(591,'76561198418552734','x123','2026-06-08T04:07:36.158Z','2026-06-08T04:07:36.158Z'),
(592,'76561198131074803','✝✝✝','2026-06-08T04:07:36.158Z','2026-06-08T04:07:36.158Z'),
(593,'76561198077779997','laise','2026-06-08T04:07:36.158Z','2026-06-08T04:07:36.158Z'),
(594,'76561198880001595','daze','2026-06-08T04:07:36.158Z','2026-06-08T04:07:36.158Z'),
(595,'76561198156665769','Se','2026-06-08T04:07:36.158Z','2026-06-08T04:07:36.158Z'),
(596,'76561199012367377','icq`','2026-06-08T04:07:36.158Z','2026-06-08T04:07:36.158Z'),
(597,'76561198072692644','MTD','2026-06-08T04:07:36.158Z','2026-06-08T04:07:36.158Z'),
(598,'76561197994770931','MinD_ContRoL','2026-06-08T04:07:36.158Z','2026-06-08T04:07:36.158Z'),
(599,'76561198063428070','islA','2026-06-08T04:07:36.158Z','2026-06-08T04:07:36.158Z'),
(600,'76561198970438787','9odfeh','2026-06-08T04:07:36.158Z','2026-06-08T04:07:36.158Z'),
(601,'76561198955663092','Flawless','2026-06-08T04:07:36.158Z','2026-06-08T04:07:36.158Z'),
(602,'76561198123418214','G.T.I','2026-06-08T04:07:36.158Z','2026-06-08T04:07:36.158Z'),
(603,'76561198054110977','Wuiter','2026-06-08T04:07:36.158Z','2026-06-08T04:07:36.158Z'),
(604,'76561198083983404','Jeezy','2026-06-08T04:07:36.158Z','2026-06-08T04:07:36.158Z'),
(605,'76561198123326860','Stoic','2026-06-08T04:07:36.158Z','2026-06-08T04:07:36.158Z'),
(606,'76561198059151539','lowskill','2026-06-08T04:07:36.158Z','2026-06-08T04:07:36.158Z'),
(607,'76561198222741728','Stojkov','2026-06-08T04:07:36.158Z','2026-06-08T04:07:36.158Z'),
(608,'76561198292608343','tensa zangetsu','2026-06-08T04:07:36.158Z','2026-06-08T04:07:36.158Z'),
(609,'76561198154149969','ponlo','2026-06-08T04:07:36.158Z','2026-06-08T04:07:36.158Z'),
(610,'76561198100554096','Tobi','2026-06-08T04:07:36.158Z','2026-06-08T04:07:36.158Z'),
(611,'76561198917469777','gotthejuice','2026-06-08T04:07:36.158Z','2026-06-08T04:07:36.158Z'),
(612,'76561198145856102','Niku','2026-06-08T04:07:36.158Z','2026-06-08T04:07:36.158Z'),
(613,'76561198796129863','pma','2026-06-08T04:07:36.158Z','2026-06-08T04:07:36.158Z'),
(614,'76561198071296043','Zayac','2026-06-08T04:07:36.158Z','2026-06-08T04:07:36.158Z'),
(615,'76561198091257032','Riddys','2026-06-08T04:07:36.158Z','2026-06-08T04:07:36.158Z'),
(616,'76561198113227791','miCKe','2026-06-08T04:07:36.158Z','2026-06-08T04:07:36.158Z'),
(617,'76561198161624340','Nisha','2026-06-08T04:07:36.158Z','2026-06-08T04:07:36.158Z'),
(618,'76561198057856286','Ace','2026-06-08T04:07:36.158Z','2026-06-08T04:07:36.158Z'),
(619,'76561198037756242','Boxi','2026-06-08T04:07:36.158Z','2026-06-08T04:07:36.158Z'),
(620,'76561197976763535','tOfu','2026-06-08T04:07:36.158Z','2026-06-08T04:07:36.158Z'),
(627,'76561198077131619','captain deathmarried','2026-06-08T04:07:36.158Z','2026-06-08T04:07:36.158Z'),
(646,'76561198137469680','Yuma','2026-06-08T04:07:36.158Z','2026-06-08T04:07:36.158Z'),
(647,'76561198986960197','osito','2026-06-08T04:07:36.158Z','2026-06-08T04:07:36.158Z'),
(648,'76561198253187000','Wisper','2026-06-08T04:07:36.158Z','2026-06-08T04:07:36.158Z'),
(649,'76561198065311019','Thiolicor','2026-06-08T04:07:36.158Z','2026-06-08T04:07:36.158Z'),
(650,'76561198041572126','KJ','2026-06-08T04:07:36.158Z','2026-06-08T04:07:36.158Z'),
(651,'76561198087883707','Crystallis','2026-06-08T04:07:36.158Z','2026-06-08T04:07:36.158Z'),
(652,'76561198076851106','MidOne','2026-06-08T04:07:36.158Z','2026-06-08T04:07:36.158Z'),
(653,'76561198151092467','BOOM (Miroslav Bičan)','2026-06-08T04:07:36.158Z','2026-06-08T04:07:36.158Z'),
(654,'76561197969669202','yamich','2026-06-08T04:07:36.158Z','2026-06-08T04:07:36.158Z'),
(655,'76561198051995905','Seleri','2026-06-08T04:07:36.158Z','2026-06-08T04:07:36.158Z'),
(661,'76561198100676739','TraVins','2026-06-08T04:07:36.158Z','2026-06-08T04:07:36.158Z'),
(662,'76561198141981865','inYourdreaM','2026-06-08T04:07:36.158Z','2026-06-08T04:07:36.158Z'),
(663,'76561198116593985','Fbz','2026-06-08T04:07:36.158Z','2026-06-08T04:07:36.158Z'),
(664,'76561198115713420','dalul','2026-06-08T04:07:36.158Z','2026-06-08T04:07:36.158Z'),
(665,'76561198078824878','Varizh','2026-06-08T04:07:36.158Z','2026-06-08T04:07:36.158Z'),
(666,'76561198041741031','Yamsun (Luke Wang)','2026-06-08T04:07:36.158Z','2026-06-08T04:07:36.158Z'),
(667,'76561198115239974','RCY (Francis Fundemera)','2026-06-08T04:07:36.158Z','2026-06-08T04:07:36.158Z'),
(668,'76561198120384745','Fayde (Victor Zuev)','2026-06-08T04:07:36.158Z','2026-06-08T04:07:36.158Z'),
(669,'76561198050689479','Bignum (Danil Shehovtsov)','2026-06-08T04:07:36.158Z','2026-06-08T04:07:36.158Z'),
(670,'76561198151628603','Speeed','2026-06-08T04:07:36.158Z','2026-06-08T04:07:36.158Z'),
(671,'76561198315434494','Natsumi-','2026-06-08T04:07:36.158Z','2026-06-08T04:07:36.158Z'),
(672,'76561198284543628','Yopaj','2026-06-08T04:07:36.158Z','2026-06-08T04:07:36.158Z'),
(673,'76561198106977679','Nikko','2026-06-08T04:07:36.158Z','2026-06-08T04:07:36.158Z'),
(674,'76561198115760109','Tims (Timothy John Randrup)','2026-06-08T04:07:36.158Z','2026-06-08T04:07:36.158Z'),
(675,'76561198060859959','skem','2026-06-08T04:07:36.158Z','2026-06-08T04:07:36.158Z'),
(676,'76561198281846390','Yatoro','2026-06-08T04:07:36.158Z','2026-06-08T04:07:36.158Z'),
(677,'76561198066570770','Larl','2026-06-08T04:07:36.158Z','2026-06-08T04:07:36.158Z'),
(678,'76561198262479756','Collapse','2026-06-08T04:07:36.158Z','2026-06-08T04:07:36.158Z'),
(679,'76561198807831324','rue','2026-06-08T04:07:36.158Z','2026-06-08T04:07:36.158Z'),
(680,'76561198069224497','pantomem','2026-06-08T04:07:36.158Z','2026-06-08T04:07:36.158Z'),
(681,'76561198859019881','Ame','2026-06-08T04:07:36.158Z','2026-06-08T04:07:36.158Z'),
(682,'76561198134243802','NothingToSay','2026-06-08T04:07:36.158Z','2026-06-08T04:07:36.158Z'),
(683,'76561198090224486','Xxs','2026-06-08T04:07:36.158Z','2026-06-08T04:07:36.158Z'),
(684,'76561198061960890','fy','2026-06-08T04:07:36.158Z','2026-06-08T04:07:36.158Z'),
(685,'76561198054561825','xNova','2026-06-08T04:07:36.158Z','2026-06-08T04:07:36.158Z'),
(686,'76561198292121258','Pure','2026-06-08T04:07:36.158Z','2026-06-08T04:07:36.158Z'),
(687,'76561198053884305','bzm','2026-06-08T04:07:36.158Z','2026-06-08T04:07:36.158Z'),
(688,'76561198046964005','33','2026-06-08T04:07:36.158Z','2026-06-08T04:07:36.158Z'),
(689,'76561198306678091','Ari','2026-06-08T04:07:36.158Z','2026-06-08T04:07:36.158Z'),
(690,'76561198097094819','Whitemon','2026-06-08T04:07:36.158Z','2026-06-08T04:07:36.158Z'),
(691,'76561198060324070','skiter','2026-06-08T04:07:36.158Z','2026-06-08T04:07:36.158Z'),
(692,'76561198858721548','Malr1ne','2026-06-08T04:07:36.158Z','2026-06-08T04:07:36.158Z'),
(693,'76561198143985114','ATF','2026-06-08T04:07:36.158Z','2026-06-08T04:07:36.158Z'),
(694,'76561197986172872','Cr1t-','2026-06-08T04:07:36.158Z','2026-06-08T04:07:36.158Z'),
(695,'76561197970632344','Sneyking','2026-06-08T04:07:36.158Z','2026-06-08T04:07:36.158Z'),
(696,'76561199004267995','Satanic','2026-06-08T04:07:36.158Z','2026-06-08T04:07:36.158Z'),
(697,'76561198066839629','Noone','2026-06-08T04:07:36.158Z','2026-06-08T04:07:36.158Z'),
(698,'76561198016617237','DM','2026-06-08T04:07:36.158Z','2026-06-08T04:07:36.158Z'),
(699,'76561198124464930','9Class','2026-06-08T04:07:36.158Z','2026-06-08T04:07:36.158Z'),
(700,'76561198033666810','Dukalis','2026-06-08T04:07:36.158Z','2026-06-08T04:07:36.158Z'),
(701,'76561198131528630','watson;,.&#x27;','2026-06-08T04:07:36.158Z','2026-06-08T04:07:36.158Z'),
(702,'76561198272702702','CHIRA_JUNIOR','2026-06-08T04:07:36.158Z','2026-06-08T04:07:36.158Z'),
(703,'76561198155374326','Noticed','2026-06-08T04:07:36.158Z','2026-06-08T04:07:36.158Z'),
(704,'76561198064001473','Saksa','2026-06-08T04:07:36.158Z','2026-06-08T04:07:36.158Z'),
(705,'76561198054083399','Malady','2026-06-08T04:07:36.158Z','2026-06-08T04:07:36.158Z'),
(706,'76561198057924346','Timado','2026-06-08T04:07:36.158Z','2026-06-08T04:07:36.158Z'),
(707,'76561198114980808','Abed','2026-06-08T04:07:36.158Z','2026-06-08T04:07:36.158Z'),
(708,'76561198086478594','SabeRLighT','2026-06-08T04:07:36.158Z','2026-06-08T04:07:36.158Z'),
(709,'76561198202149894','Hellscream','2026-06-08T04:07:36.158Z','2026-06-08T04:07:36.158Z'),
(710,'76561198054420884','Fly','2026-06-08T04:07:36.158Z','2026-06-08T04:07:36.158Z');

INSERT INTO tournament_team (id, tournament_id, team_id, team_name_snapshot, team_tag_snapshot, status, created_at, updated_at) VALUES
(1,1,1,'Natus Vincere','NAVI','完整','2026-06-08T04:07:36.158Z','2026-06-08T04:07:36.158Z'),
(2,1,2,'Team Liquid','Liquid','完整','2026-06-08T04:07:36.158Z','2026-06-08T04:07:36.158Z'),
(3,1,3,'Vici Gaming','VG','完整','2026-06-08T04:07:36.158Z','2026-06-08T04:07:36.158Z'),
(4,1,4,'Team Spirit','TSpirit','完整','2026-06-08T04:07:36.158Z','2026-06-08T04:07:36.158Z'),
(5,1,5,'BetBoom Team','BetBoom','完整','2026-06-08T04:07:36.158Z','2026-06-08T04:07:36.158Z'),
(6,1,6,'Xtreme Gaming','XG','完整','2026-06-08T04:07:36.158Z','2026-06-08T04:07:36.158Z'),
(7,1,7,'Tundra Esports','Tundra','完整','2026-06-08T04:07:36.158Z','2026-06-08T04:07:36.158Z'),
(8,1,8,'Team Falcons','FLCN','完整','2026-06-08T04:07:36.158Z','2026-06-08T04:07:36.158Z'),
(9,1,9,'Aurora Gaming','Aurora','完整','2026-06-08T04:07:36.158Z','2026-06-08T04:07:36.158Z'),
(10,1,10,'PARIVISION','PV','完整','2026-06-08T04:07:36.158Z','2026-06-08T04:07:36.158Z'),
(11,1,11,'REKONIX','RKX','完整','2026-06-08T04:07:36.158Z','2026-06-08T04:07:36.158Z'),
(12,1,12,'Virtus.pro','VP','完整','2026-06-08T04:07:36.158Z','2026-06-08T04:07:36.158Z'),
(13,1,13,'GamerLegion','GL','完整','2026-06-08T04:07:36.158Z','2026-06-08T04:07:36.158Z'),
(14,1,14,'PlayTime','PlayTime','完整','2026-06-08T04:07:36.158Z','2026-06-08T04:07:36.158Z'),
(15,1,15,'Nigma Galaxy','NGX','完整','2026-06-08T04:07:36.158Z','2026-06-08T04:07:36.158Z'),
(16,1,16,'ex-HEROIC','HEROIC','完整','2026-06-08T04:07:36.158Z','2026-06-08T04:07:36.158Z'),
(17,2,17,'Natus Vincere','NAVI','完整','2026-06-08T04:07:36.158Z','2026-06-08T04:07:36.158Z'),
(18,2,18,'Team Liquid','Liquid','完整','2026-06-08T04:07:36.158Z','2026-06-08T04:07:36.158Z'),
(19,2,19,'Vici Gaming','VG','完整','2026-06-08T04:07:36.158Z','2026-06-08T04:07:36.158Z'),
(20,2,20,'Team Spirit','TSpirit','完整','2026-06-08T04:07:36.158Z','2026-06-08T04:07:36.158Z'),
(21,2,21,'BetBoom Team','BetBoom','完整','2026-06-08T04:07:36.158Z','2026-06-08T04:07:36.158Z'),
(22,2,22,'Xtreme Gaming','XG','完整','2026-06-08T04:07:36.158Z','2026-06-08T04:07:36.158Z'),
(23,2,23,'Tundra Esports','Tundra','完整','2026-06-08T04:07:36.158Z','2026-06-08T04:07:36.158Z'),
(24,2,24,'Team Falcons','FLCN','完整','2026-06-08T04:07:36.158Z','2026-06-08T04:07:36.158Z'),
(25,2,25,'HEROIC','HEROIC','完整','2026-06-08T04:07:36.158Z','2026-06-08T04:07:36.158Z'),
(26,2,26,'MOUZ','MOUZ','完整','2026-06-08T04:07:36.158Z','2026-06-08T04:07:36.158Z'),
(27,2,27,'Aurora Gaming','Aurora','完整','2026-06-08T04:07:36.158Z','2026-06-08T04:07:36.158Z'),
(28,2,28,'PARIVISION','PV','完整','2026-06-08T04:07:36.158Z','2026-06-08T04:07:36.158Z'),
(29,2,29,'Team Yandex','TY','完整','2026-06-08T04:07:36.158Z','2026-06-08T04:07:36.158Z'),
(30,2,30,'Virtus.pro','VP','完整','2026-06-08T04:07:36.158Z','2026-06-08T04:07:36.158Z'),
(31,2,31,'GamerLegion','GL','完整','2026-06-08T04:07:36.158Z','2026-06-08T04:07:36.158Z'),
(32,2,32,'SouthAmericaRejects','SAR','完整','2026-06-08T04:07:36.158Z','2026-06-08T04:07:36.158Z'),
(33,3,33,'Natus Vincere','NAVI','完整','2026-06-08T04:07:36.158Z','2026-06-08T04:07:36.158Z'),
(34,3,34,'Team Liquid','Liquid','完整','2026-06-08T04:07:36.158Z','2026-06-08T04:07:36.158Z'),
(35,3,35,'Vici Gaming','VG','完整','2026-06-08T04:07:36.158Z','2026-06-08T04:07:36.158Z'),
(36,3,36,'Yellow Submarine','YeS','完整','2026-06-08T04:07:36.158Z','2026-06-08T04:07:36.158Z'),
(37,3,37,'OG','OG','完整','2026-06-08T04:07:36.158Z','2026-06-08T04:07:36.158Z'),
(38,3,38,'Team Spirit','TSpirit','完整','2026-06-08T04:07:36.158Z','2026-06-08T04:07:36.158Z'),
(39,3,39,'BetBoom Team','BetBoom','完整','2026-06-08T04:07:36.158Z','2026-06-08T04:07:36.158Z'),
(40,3,40,'Xtreme Gaming','XG','完整','2026-06-08T04:07:36.158Z','2026-06-08T04:07:36.158Z'),
(41,3,41,'Tundra Esports','Tundra','完整','2026-06-08T04:07:36.158Z','2026-06-08T04:07:36.158Z'),
(42,3,42,'Team Falcons','FLCN','完整','2026-06-08T04:07:36.158Z','2026-06-08T04:07:36.158Z'),
(43,3,43,'HEROIC','HEROIC','完整','2026-06-08T04:07:36.158Z','2026-06-08T04:07:36.158Z'),
(44,3,44,'MOUZ','MOUZ','完整','2026-06-08T04:07:36.158Z','2026-06-08T04:07:36.158Z'),
(45,3,45,'Aurora Gaming','Aurora','完整','2026-06-08T04:07:36.158Z','2026-06-08T04:07:36.158Z'),
(46,3,46,'PARIVISION','PV','完整','2026-06-08T04:07:36.158Z','2026-06-08T04:07:36.158Z'),
(47,3,47,'Team Nemesis','NMSS','完整','2026-06-08T04:07:36.158Z','2026-06-08T04:07:36.158Z'),
(48,3,48,'Team Yandex','TY','完整','2026-06-08T04:07:36.158Z','2026-06-08T04:07:36.158Z'),
(49,4,49,'paiN Gaming','paiN','完整','2026-06-08T04:07:36.158Z','2026-06-08T04:07:36.158Z'),
(50,4,50,'OG','OG','完整','2026-06-08T04:07:36.158Z','2026-06-08T04:07:36.158Z'),
(51,4,51,'Team Spirit','TSpirit','完整','2026-06-08T04:07:36.158Z','2026-06-08T04:07:36.158Z'),
(52,4,52,'Nigma Galaxy','NGX','完整','2026-06-08T04:07:36.158Z','2026-06-08T04:07:36.158Z'),
(53,4,53,'BetBoom Team','BetBoom','完整','2026-06-08T04:07:36.158Z','2026-06-08T04:07:36.158Z'),
(54,4,54,'Xtreme Gaming','XG','完整','2026-06-08T04:07:36.158Z','2026-06-08T04:07:36.158Z'),
(55,4,55,'Tundra Esports','Tundra','完整','2026-06-08T04:07:36.158Z','2026-06-08T04:07:36.158Z'),
(56,4,56,'Team Falcons','FLCN','完整','2026-06-08T04:07:36.158Z','2026-06-08T04:07:36.158Z'),
(57,4,57,'MOUZ','MOUZ','完整','2026-06-08T04:07:36.158Z','2026-06-08T04:07:36.158Z'),
(58,4,58,'Yakult Brothers','YB','完整','2026-06-08T04:07:36.158Z','2026-06-08T04:07:36.158Z'),
(59,4,59,'Aurora Gaming','Aurora','完整','2026-06-08T04:07:36.158Z','2026-06-08T04:07:36.158Z'),
(60,4,60,'PARIVISION','PV','完整','2026-06-08T04:07:36.158Z','2026-06-08T04:07:36.158Z'),
(61,4,61,'Team Yandex','TY','完整','2026-06-08T04:07:36.158Z','2026-06-08T04:07:36.158Z'),
(62,4,62,'REKONIX','RKX','完整','2026-06-08T04:07:36.158Z','2026-06-08T04:07:36.158Z'),
(63,4,63,'Virtus.pro','VP','完整','2026-06-08T04:07:36.158Z','2026-06-08T04:07:36.158Z'),
(64,4,64,'GamerLegion','GL','完整','2026-06-08T04:07:36.158Z','2026-06-08T04:07:36.158Z'),
(65,5,65,'Natus Vincere','NAVI','完整','2026-06-08T04:07:36.158Z','2026-06-08T04:07:36.158Z'),
(66,5,66,'paiN Gaming','paiN','完整','2026-06-08T04:07:36.158Z','2026-06-08T04:07:36.158Z'),
(67,5,67,'Team Liquid','Liquid','完整','2026-06-08T04:07:36.158Z','2026-06-08T04:07:36.158Z'),
(68,5,68,'OG','OG','完整','2026-06-08T04:07:36.158Z','2026-06-08T04:07:36.158Z'),
(69,5,69,'Team Spirit','TSpirit','完整','2026-06-08T04:07:36.158Z','2026-06-08T04:07:36.158Z'),
(70,5,70,'Execration','XctN','完整','2026-06-08T04:07:36.158Z','2026-06-08T04:07:36.158Z'),
(71,5,71,'BetBoom Team','BetBoom','完整','2026-06-08T04:07:36.158Z','2026-06-08T04:07:36.158Z'),
(72,5,72,'Xtreme Gaming','XG','完整','2026-06-08T04:07:36.158Z','2026-06-08T04:07:36.158Z'),
(73,5,73,'Tundra Esports','Tundra','完整','2026-06-08T04:07:36.158Z','2026-06-08T04:07:36.158Z'),
(74,5,74,'Team Falcons','FLCN','完整','2026-06-08T04:07:36.158Z','2026-06-08T04:07:36.158Z'),
(75,5,75,'MOUZ','MOUZ','完整','2026-06-08T04:07:36.158Z','2026-06-08T04:12:04.900Z'),
(76,5,76,'Yakult Brothers','YB','完整','2026-06-08T04:07:36.158Z','2026-06-08T04:07:36.158Z'),
(77,5,77,'Aurora Gaming','Aurora','完整','2026-06-08T04:07:36.158Z','2026-06-08T04:07:36.158Z'),
(78,5,78,'PARIVISION','PV','完整','2026-06-08T04:07:36.158Z','2026-06-08T04:07:36.158Z'),
(79,5,79,'Team Yandex','TY','完整','2026-06-08T04:07:36.158Z','2026-06-08T04:07:36.158Z'),
(80,5,80,'GamerLegion','GL','完整','2026-06-08T04:07:36.158Z','2026-06-08T04:07:36.158Z'),
(81,6,81,'Power Rangers','PR','完整','2026-06-08T04:07:36.158Z','2026-06-08T04:07:36.158Z'),
(82,6,82,'Team Liquid','Liquid','完整','2026-06-08T04:07:36.158Z','2026-06-08T04:07:36.158Z'),
(83,6,83,'Yellow Submarine','YeS','完整','2026-06-08T04:07:36.158Z','2026-06-08T04:07:36.158Z'),
(84,6,84,'Nemiga Gaming','Nemiga','完整','2026-06-08T04:07:36.158Z','2026-06-08T04:07:36.158Z'),
(85,6,85,'Team Spirit','TSpirit','完整','2026-06-08T04:07:36.158Z','2026-06-08T04:07:36.158Z'),
(86,6,86,'Nigma Galaxy','NGX','完整','2026-06-08T04:07:36.158Z','2026-06-08T04:07:36.158Z'),
(87,6,87,'1w Team','1w','完整','2026-06-08T04:07:36.158Z','2026-06-08T04:07:36.158Z'),
(88,6,88,'L1GA TEAM','L1','完整','2026-06-08T04:07:36.158Z','2026-06-08T04:07:36.158Z'),
(89,6,89,'HEROIC','HEROIC','完整','2026-06-08T04:07:36.158Z','2026-06-08T04:07:36.158Z'),
(90,6,90,'MOUZ','MOUZ','完整','2026-06-08T04:07:36.158Z','2026-06-08T04:07:36.158Z'),
(91,6,91,'AVULUS','AVULUS','完整','2026-06-08T04:07:36.158Z','2026-06-08T04:07:36.158Z'),
(92,6,92,'PARIVISION','PV','完整','2026-06-08T04:07:36.158Z','2026-06-08T04:07:36.158Z'),
(93,6,93,'Zero Tenacity','Z10','完整','2026-06-08T04:07:36.158Z','2026-06-08T04:07:36.158Z'),
(94,6,94,'Virtus.pro Prodigy','VPP','完整','2026-06-08T04:07:36.158Z','2026-06-08T04:07:36.158Z'),
(95,6,95,'Pipsqueak+4','PIPS4','完整','2026-06-08T04:07:36.158Z','2026-06-08T04:07:36.158Z'),
(96,6,96,'Runa Esports','RE','完整','2026-06-08T04:07:36.158Z','2026-06-08T04:07:36.158Z'),
(97,6,97,'Virtus.pro','VP','完整','2026-06-08T04:07:36.158Z','2026-06-08T04:07:36.158Z'),
(98,6,98,'Team Secret Academy','TSA','完整','2026-06-08T04:07:36.158Z','2026-06-08T04:07:36.158Z'),
(99,6,99,'GamerLegion','GL','完整','2026-06-08T04:07:36.158Z','2026-06-08T04:07:36.158Z'),
(100,6,100,'Shpilit','Shpilit','完整','2026-06-08T04:07:36.158Z','2026-06-08T04:07:36.158Z'),
(101,6,101,'A+5','A+5','完整','2026-06-08T04:07:36.158Z','2026-06-08T04:07:36.158Z'),
(102,7,102,'Power Rangers','PR','完整','2026-06-08T04:07:36.158Z','2026-06-08T04:07:36.158Z'),
(103,7,103,'Team Liquid','Liquid','完整','2026-06-08T04:07:36.158Z','2026-06-08T04:07:36.158Z'),
(104,7,104,'Nemiga Gaming','Nemiga','完整','2026-06-08T04:07:36.158Z','2026-06-08T04:07:36.158Z'),
(105,7,105,'Team Spirit','TSpirit','完整','2026-06-08T04:07:36.158Z','2026-06-08T04:07:36.158Z'),
(106,7,106,'Nigma Galaxy','NGX','完整','2026-06-08T04:07:36.158Z','2026-06-08T04:07:36.158Z'),
(107,7,107,'BetBoom Team','BetBoom','完整','2026-06-08T04:07:36.158Z','2026-06-08T04:07:36.158Z'),
(108,7,108,'1w Team','1w','完整','2026-06-08T04:07:36.158Z','2026-06-08T04:07:36.158Z'),
(109,7,109,'L1GA TEAM','L1','完整','2026-06-08T04:07:36.158Z','2026-06-08T04:07:36.158Z'),
(110,7,110,'MOUZ','MOUZ','完整','2026-06-08T04:07:36.158Z','2026-06-08T04:07:36.158Z'),
(111,7,111,'Aurora Gaming','Aurora','完整','2026-06-08T04:07:36.158Z','2026-06-08T04:07:36.158Z'),
(112,7,112,'AVULUS','AVULUS','完整','2026-06-08T04:07:36.158Z','2026-06-08T04:07:36.158Z'),
(113,7,113,'Zero Tenacity','Z10','完整','2026-06-08T04:07:36.158Z','2026-06-08T04:07:36.158Z'),
(114,7,114,'Team Yandex','TY','完整','2026-06-08T04:07:36.158Z','2026-06-08T04:07:36.158Z'),
(115,7,115,'Virtus.pro Prodigy','VPP','完整','2026-06-08T04:07:36.158Z','2026-06-08T04:07:36.158Z'),
(116,7,116,'Pipsqueak+4','PIPS4','完整','2026-06-08T04:07:36.158Z','2026-06-08T04:07:36.158Z'),
(117,7,117,'Runa Esports','RE','完整','2026-06-08T04:07:36.158Z','2026-06-08T04:07:36.158Z'),
(118,7,118,'Virtus.pro','VP','完整','2026-06-08T04:07:36.158Z','2026-06-08T04:07:36.158Z'),
(119,7,119,'ICxI','ICxI','完整','2026-06-08T04:07:36.158Z','2026-06-08T04:07:36.158Z'),
(120,7,120,'Team 1000','1000','完整','2026-06-08T04:07:36.158Z','2026-06-08T04:07:36.158Z'),
(121,7,121,'VLNR','VLNR','完整','2026-06-08T04:07:36.158Z','2026-06-08T04:07:36.158Z'),
(122,7,122,'Spiky Ball','SB','完整','2026-06-08T04:07:36.158Z','2026-06-08T04:07:36.158Z'),
(123,8,123,'Natus Vincere','NAVI','完整','2026-06-08T04:07:36.158Z','2026-06-08T04:07:36.158Z'),
(124,8,124,'Team Liquid','Liquid','完整','2026-06-08T04:07:36.158Z','2026-06-08T04:07:36.158Z'),
(125,8,125,'OG','OG','完整','2026-06-08T04:07:36.158Z','2026-06-08T04:07:36.158Z'),
(126,8,126,'Team Spirit','TSpirit','完整','2026-06-08T04:07:36.158Z','2026-06-08T04:07:36.158Z'),
(127,8,127,'Xtreme Gaming','XG','完整','2026-06-08T04:07:36.158Z','2026-06-08T04:07:36.158Z'),
(128,8,128,'Tundra Esports','Tundra','完整','2026-06-08T04:07:36.158Z','2026-06-08T04:07:36.158Z'),
(129,8,129,'Team Falcons','FLCN','完整','2026-06-08T04:07:36.158Z','2026-06-08T04:07:36.158Z'),
(130,8,130,'HEROIC','HEROIC','完整','2026-06-08T04:07:36.158Z','2026-06-08T04:07:36.158Z'),
(131,8,131,'MOUZ','MOUZ','完整','2026-06-08T04:07:36.158Z','2026-06-08T04:07:36.158Z'),
(132,8,132,'Team Yandex','TY','完整','2026-06-08T04:07:36.158Z','2026-06-08T04:07:36.158Z'),
(133,8,133,'REKONIX','RKX','完整','2026-06-08T04:07:36.158Z','2026-06-08T04:07:36.158Z'),
(134,8,134,'GamerLegion','GL','完整','2026-06-08T04:07:36.158Z','2026-06-08T04:07:36.158Z'),
(135,9,135,'OG','OG','完整','2026-06-08T04:07:36.158Z','2026-06-08T04:07:36.158Z'),
(136,9,136,'Team Spirit','TSpirit','完整','2026-06-08T04:07:36.158Z','2026-06-08T04:07:36.158Z'),
(137,9,137,'Xtreme Gaming','XG','完整','2026-06-08T04:07:36.158Z','2026-06-08T04:07:36.158Z'),
(138,9,138,'Tundra Esports','Tundra','完整','2026-06-08T04:07:36.158Z','2026-06-08T04:07:36.158Z'),
(139,9,139,'Team Falcons','FLCN','完整','2026-06-08T04:07:36.158Z','2026-06-08T04:07:36.158Z'),
(140,9,140,'PARIVISION','PV','完整','2026-06-08T04:07:36.158Z','2026-06-08T04:07:36.158Z'),
(141,9,141,'Team Yandex','TY','完整','2026-06-08T04:07:36.158Z','2026-06-08T04:07:36.158Z'),
(142,9,142,'Virtus.pro','VP','完整','2026-06-08T04:07:36.158Z','2026-06-08T04:07:36.158Z');

INSERT INTO lineup_current (tournament_team_id, position, player_id, nickname_snapshot, steamid64_snapshot, updated_at) VALUES
(1,1,1,'gotthejuice','76561198917469777','2026-06-08T04:07:36.158Z'),
(1,2,2,'Niku','76561198145856102','2026-06-08T04:07:36.158Z'),
(1,3,3,'pma','76561198796129863','2026-06-08T04:07:36.158Z'),
(1,4,4,'daze','76561198880001595','2026-06-08T04:07:36.158Z'),
(1,5,5,'Riddys','76561198091257032','2026-06-08T04:07:36.158Z'),
(2,1,6,'miCKe','76561198113227791','2026-06-08T04:07:36.158Z'),
(2,2,7,'Nisha','76561198161624340','2026-06-08T04:07:36.158Z'),
(2,3,8,'Ace','76561198057856286','2026-06-08T04:07:36.158Z'),
(2,4,9,'Boxi','76561198037756242','2026-06-08T04:07:36.158Z'),
(2,5,10,'tOfu','76561197976763535','2026-06-08T04:07:36.158Z'),
(3,1,11,'Shiro','76561198280517752','2026-06-08T04:07:36.158Z'),
(3,2,12,'Xm','76561198097395311','2026-06-08T04:07:36.158Z'),
(3,3,13,'Faith_bian','76561198078399948','2026-06-08T04:07:36.158Z'),
(3,4,14,'XinQ','76561198117741251','2026-06-08T04:07:36.158Z'),
(3,5,15,'y`','76561198071380415','2026-06-08T04:07:36.158Z'),
(4,1,16,'Yatoro','76561198281846390','2026-06-08T04:07:36.158Z'),
(4,2,17,'Larl','76561198066570770','2026-06-08T04:07:36.158Z'),
(4,3,18,'Collapse','76561198262479756','2026-06-08T04:07:36.158Z'),
(4,4,19,'not me','76561198178497315','2026-06-08T04:07:36.158Z'),
(4,5,20,'rue','76561198807831324','2026-06-08T04:07:36.158Z'),
(5,1,21,'Kiritych~','76561198132365456','2026-06-08T04:07:36.158Z'),
(5,2,22,'gpk','76561198440678391','2026-06-08T04:07:36.158Z'),
(5,3,23,'MieRo`','76561198125830326','2026-06-08T04:07:36.158Z'),
(5,4,24,'Save-','76561198278146366','2026-06-08T04:07:36.158Z'),
(5,5,25,'Kataomi`','76561198157143864','2026-06-08T04:07:36.158Z'),
(6,1,26,'Ame','76561198859019881','2026-06-08T04:07:36.158Z'),
(6,2,27,'NothingToSay','76561198134243802','2026-06-08T04:07:36.158Z'),
(6,3,28,'Xxs','76561198090224486','2026-06-08T04:07:36.158Z'),
(6,4,29,'fy','76561198061960890','2026-06-08T04:07:36.158Z'),
(6,5,30,'xNova','76561198054561825','2026-06-08T04:07:36.158Z'),
(7,1,31,'Pure','76561198292121258','2026-06-08T04:07:36.158Z'),
(7,2,32,'bzm','76561198053884305','2026-06-08T04:07:36.158Z'),
(7,3,33,'33','76561198046964005','2026-06-08T04:07:36.158Z'),
(7,4,34,'Ari','76561198306678091','2026-06-08T04:07:36.158Z'),
(7,5,35,'Whitemon','76561198097094819','2026-06-08T04:07:36.158Z'),
(8,1,36,'skiter','76561198060324070','2026-06-08T04:07:36.158Z'),
(8,2,37,'Malr1ne','76561198858721548','2026-06-08T04:07:36.158Z'),
(8,3,38,'ATF','76561198143985114','2026-06-08T04:07:36.158Z'),
(8,4,39,'Cr1t-','76561197986172872','2026-06-08T04:07:36.158Z'),
(8,5,40,'Sneyking','76561197970632344','2026-06-08T04:07:36.158Z'),
(9,1,41,'Nightfall','76561198085066985','2026-06-08T04:07:36.158Z'),
(9,2,42,'Mikoto','76561198262015854','2026-06-08T04:07:36.158Z'),
(9,3,43,'Ws`','76561198087108257','2026-06-08T04:07:36.158Z'),
(9,4,44,'Mira','76561198216422051','2026-06-08T04:07:36.158Z'),
(9,5,45,'kaori','76561198280485594','2026-06-08T04:07:36.158Z'),
(10,1,46,'Satanic','76561199004267995','2026-06-08T04:07:36.158Z'),
(10,2,47,'Noone','76561198066839629','2026-06-08T04:07:36.158Z'),
(10,3,48,'Noticed','76561198155374326','2026-06-08T04:07:36.158Z'),
(10,4,49,'9Class','76561198124464930','2026-06-08T04:07:36.158Z'),
(10,5,50,'Dukalis','76561198033666810','2026-06-08T04:07:36.158Z'),
(11,1,51,'TraVins','76561198100676739','2026-06-08T04:07:36.158Z'),
(11,2,52,'inYourdreaM','76561198141981865','2026-06-08T04:07:36.158Z'),
(11,3,53,'Fbz','76561198116593985','2026-06-08T04:07:36.158Z'),
(11,4,54,'dalul','76561198115713420','2026-06-08T04:07:36.158Z'),
(11,5,55,'Varizh','76561198078824878','2026-06-08T04:07:36.158Z'),
(12,1,56,'Timado','76561198057924346','2026-06-08T04:07:36.158Z'),
(12,2,57,'Abed','76561198114980808','2026-06-08T04:07:36.158Z'),
(12,3,58,'SabeRLighT','76561198086478594','2026-06-08T04:07:36.158Z'),
(12,4,59,'Hellscream','76561198202149894','2026-06-08T04:07:36.158Z'),
(12,5,60,'Fly','76561198054420884','2026-06-08T04:07:36.158Z'),
(13,1,61,'Ghost','76561198166908095','2026-06-08T04:07:36.158Z'),
(13,2,62,'RCY (Francis Fundemera)','76561198115239974','2026-06-08T04:07:36.158Z'),
(13,3,63,'Fayde (Victor Zuev)','76561198120384745','2026-06-08T04:07:36.158Z'),
(13,4,64,'Bignum (Danil Shehovtsov)','76561198050689479','2026-06-08T04:07:36.158Z'),
(13,5,65,'Speeed','76561198151628603','2026-06-08T04:07:36.158Z'),
(14,1,66,'Wits','76561198324023750','2026-06-08T04:07:36.158Z'),
(14,2,67,'DarkMago♥','76561198312811439','2026-06-08T04:07:36.158Z'),
(14,3,68,'^','76561198213002780','2026-06-08T04:07:36.158Z'),
(14,4,69,'Scofield:?KAT','76561198118255226','2026-06-08T04:07:36.158Z'),
(14,5,70,'elmisho','76561198991812820','2026-06-08T04:07:36.158Z'),
(15,1,71,'rincyq','76561198379208564','2026-06-08T04:07:36.158Z'),
(15,2,72,'No!ob','76561198100563280','2026-06-08T04:07:36.158Z'),
(15,3,73,'Davai Lama','76561198099146304','2026-06-08T04:07:36.158Z'),
(15,4,74,'OmaR','76561198112433885','2026-06-08T04:07:36.158Z'),
(15,5,75,'GH','76561198061622614','2026-06-08T04:07:36.158Z'),
(16,1,76,'Yuma','76561198137469680','2026-06-08T04:07:36.158Z'),
(16,2,77,'osito','76561198986960197','2026-06-08T04:07:36.158Z'),
(16,3,78,'close quals volunteer','76561198108877757','2026-06-08T04:07:36.158Z'),
(16,4,79,'Thiolicor','76561198065311019','2026-06-08T04:07:36.158Z'),
(16,5,80,'KJ','76561198041572126','2026-06-08T04:07:36.158Z'),
(17,1,81,'gotthejuice','76561198917469777','2026-06-08T04:07:36.158Z'),
(17,2,82,'Niku','76561198145856102','2026-06-08T04:07:36.158Z'),
(17,3,83,'pma','76561198796129863','2026-06-08T04:07:36.158Z'),
(17,4,84,'daze','76561198880001595','2026-06-08T04:07:36.158Z'),
(17,5,85,'Riddys','76561198091257032','2026-06-08T04:07:36.158Z'),
(18,1,86,'miCKe','76561198113227791','2026-06-08T04:07:36.158Z'),
(18,2,87,'Nisha','76561198161624340','2026-06-08T04:07:36.158Z'),
(18,3,88,'Ace','76561198057856286','2026-06-08T04:07:36.158Z'),
(18,4,89,'Ekki','76561198190753457','2026-06-08T04:07:36.158Z'),
(18,5,90,'tOfu','76561197976763535','2026-06-08T04:07:36.158Z'),
(19,1,91,'Shiro','76561198280517752','2026-06-08T04:07:36.158Z'),
(19,2,92,'Xm','76561198097395311','2026-06-08T04:07:36.158Z'),
(19,3,93,'Faith_bian','76561198078399948','2026-06-08T04:07:36.158Z'),
(19,4,94,'XinQ','76561198117741251','2026-06-08T04:07:36.158Z'),
(19,5,95,'y`','76561198071380415','2026-06-08T04:07:36.158Z'),
(20,1,96,'Yatoro','76561198281846390','2026-06-08T04:07:36.158Z'),
(20,2,97,'Larl','76561198066570770','2026-06-08T04:07:36.158Z'),
(20,3,98,'GAMBOT-PARIS','76561198101100823','2026-06-08T04:07:36.158Z'),
(20,4,99,'rue','76561198807831324','2026-06-08T04:07:36.158Z'),
(20,5,100,'pantomem','76561198069224497','2026-06-08T04:07:36.158Z'),
(21,1,101,'Kiritych~','76561198132365456','2026-06-08T04:07:36.158Z'),
(21,2,102,'gpk','76561198440678391','2026-06-08T04:07:36.158Z'),
(21,3,103,'MieRo`','76561198125830326','2026-06-08T04:07:36.158Z'),
(21,4,104,'Save-','76561198278146366','2026-06-08T04:07:36.158Z'),
(21,5,105,'Kataomi`','76561198157143864','2026-06-08T04:07:36.158Z'),
(22,1,106,'Ame','76561198859019881','2026-06-08T04:07:36.158Z'),
(22,2,107,'NothingToSay','76561198134243802','2026-06-08T04:07:36.158Z'),
(22,3,108,'Xxs','76561198090224486','2026-06-08T04:07:36.158Z'),
(22,4,109,'fy','76561198061960890','2026-06-08T04:07:36.158Z'),
(22,5,110,'xNova','76561198054561825','2026-06-08T04:07:36.158Z'),
(23,1,111,'V-Tune','76561198112721251','2026-06-08T04:07:36.158Z'),
(23,2,112,'bzm','76561198053884305','2026-06-08T04:07:36.158Z'),
(23,3,113,'33','76561198046964005','2026-06-08T04:07:36.158Z'),
(23,4,114,'Ari','76561198306678091','2026-06-08T04:07:36.158Z'),
(23,5,115,'Whitemon','76561198097094819','2026-06-08T04:07:36.158Z'),
(24,1,116,'skiter','76561198060324070','2026-06-08T04:07:36.158Z'),
(24,2,117,'Malr1ne','76561198858721548','2026-06-08T04:07:36.158Z'),
(24,3,118,'ATF','76561198143985114','2026-06-08T04:07:36.158Z'),
(24,4,119,'Cr1t-','76561197986172872','2026-06-08T04:07:36.158Z'),
(24,5,120,'Sneyking','76561197970632344','2026-06-08T04:07:36.158Z'),
(25,1,121,'Yuma','76561198137469680','2026-06-08T04:07:36.158Z'),
(25,2,122,'osito','76561198986960197','2026-06-08T04:07:36.158Z'),
(25,3,123,'Wisper','76561198253187000','2026-06-08T04:07:36.158Z'),
(25,4,124,'Thiolicor','76561198065311019','2026-06-08T04:07:36.158Z'),
(25,5,125,'KJ','76561198041572126','2026-06-08T04:07:36.158Z'),
(26,1,126,'Crystallis','76561198087883707','2026-06-08T04:07:36.158Z'),
(26,2,127,'Lorenof','76561198170319579','2026-06-08T04:07:36.158Z'),
(26,3,128,'BOOM (Miroslav Bičan)','76561198151092467','2026-06-08T04:07:36.158Z'),
(26,4,129,'yamich','76561197969669202','2026-06-08T04:07:36.158Z'),
(26,5,130,'aik','76561199162533405','2026-06-08T04:07:36.158Z'),
(27,1,131,'Nightfall','76561198085066985','2026-06-08T04:07:36.158Z'),
(27,2,132,'Mikoto','76561198262015854','2026-06-08T04:07:36.158Z'),
(27,3,133,'Ws`','76561198087108257','2026-06-08T04:07:36.158Z'),
(27,4,134,'Mira','76561198216422051','2026-06-08T04:07:36.158Z'),
(27,5,135,'kaori','76561198280485594','2026-06-08T04:07:36.158Z'),
(28,1,136,'Satanic','76561199004267995','2026-06-08T04:07:36.158Z'),
(28,2,137,'Noone','76561198066839629','2026-06-08T04:07:36.158Z'),
(28,3,138,'SSS','76561198362849605','2026-06-08T04:07:36.158Z'),
(28,4,139,'9Class','76561198124464930','2026-06-08T04:07:36.158Z'),
(28,5,140,'Dukalis','76561198033666810','2026-06-08T04:07:36.158Z'),
(29,1,141,'watson;,.&#x27;','76561198131528630','2026-06-08T04:07:36.158Z'),
(29,2,142,'CHIRA_JUNIOR','76561198272702702','2026-06-08T04:07:36.158Z'),
(29,3,143,'DM','76561198016617237','2026-06-08T04:07:36.158Z'),
(29,4,144,'Saksa','76561198064001473','2026-06-08T04:07:36.158Z'),
(29,5,145,'Malady','76561198054083399','2026-06-08T04:07:36.158Z'),
(30,1,146,'Timado','76561198057924346','2026-06-08T04:07:36.158Z'),
(30,2,147,'Abed','76561198114980808','2026-06-08T04:07:36.158Z'),
(30,3,148,'SabeRLighT','76561198086478594','2026-06-08T04:07:36.158Z'),
(30,4,149,'Hellscream','76561198202149894','2026-06-08T04:07:36.158Z'),
(30,5,150,'Fly','76561198054420884','2026-06-08T04:07:36.158Z'),
(31,1,151,'Ghost','76561198166908095','2026-06-08T04:07:36.158Z'),
(31,2,152,'RCY (Francis Fundemera)','76561198115239974','2026-06-08T04:07:36.158Z'),
(31,3,153,'Fayde (Victor Zuev)','76561198120384745','2026-06-08T04:07:36.158Z'),
(31,4,154,'Bignum (Danil Shehovtsov)','76561198050689479','2026-06-08T04:07:36.158Z'),
(31,5,155,'Speeed','76561198151628603','2026-06-08T04:07:36.158Z'),
(32,1,156,'Wits','76561198324023750','2026-06-08T04:07:36.158Z'),
(32,2,157,'DarkMago♥','76561198312811439','2026-06-08T04:07:36.158Z'),
(32,3,158,'^','76561198213002780','2026-06-08T04:07:36.158Z'),
(32,4,159,'Scofield:?KAT','76561198118255226','2026-06-08T04:07:36.158Z'),
(32,5,160,'elmisho','76561198991812820','2026-06-08T04:07:36.158Z'),
(33,1,161,'gotthejuice','76561198917469777','2026-06-08T04:07:36.158Z'),
(33,2,162,'Niku','76561198145856102','2026-06-08T04:07:36.158Z'),
(33,3,163,'pma','76561198796129863','2026-06-08T04:07:36.158Z'),
(33,4,164,'Zayac','76561198071296043','2026-06-08T04:07:36.158Z'),
(33,5,165,'Riddys','76561198091257032','2026-06-08T04:07:36.158Z'),
(34,1,166,'miCKe','76561198113227791','2026-06-08T04:07:36.158Z'),
(34,2,167,'Nisha','76561198161624340','2026-06-08T04:07:36.158Z'),
(34,3,168,'Ace','76561198057856286','2026-06-08T04:07:36.158Z'),
(34,4,169,'Boxi','76561198037756242','2026-06-08T04:07:36.158Z'),
(34,5,170,'tOfu','76561197976763535','2026-06-08T04:07:36.158Z'),
(35,1,171,'Shiro','76561198280517752','2026-06-08T04:07:36.158Z'),
(35,2,172,'Xm','76561198097395311','2026-06-08T04:07:36.158Z'),
(35,3,173,'Faith_bian','76561198078399948','2026-06-08T04:07:36.158Z'),
(35,4,174,'plAnet','76561198111227295','2026-06-08T04:07:36.158Z'),
(35,5,175,'y`','76561198071380415','2026-06-08T04:07:36.158Z'),
(36,1,176,'navarrett','76561198124772262','2026-06-08T04:07:36.158Z'),
(36,2,177,'captain deathmarried','76561198077131619','2026-06-08T04:07:36.158Z'),
(36,3,178,'.','76561198377870107','2026-06-08T04:07:36.158Z'),
(36,4,179,'prblms','76561198377501213','2026-06-08T04:07:36.158Z'),
(36,5,180,'Мечта.','76561198300686934','2026-06-08T04:07:36.158Z'),
(37,1,181,'Natsumi-','76561198315434494','2026-06-08T04:07:36.158Z'),
(37,2,182,'Yopaj','76561198284543628','2026-06-08T04:07:36.158Z'),
(37,3,183,'Nikko','76561198106977679','2026-06-08T04:07:36.158Z'),
(37,4,184,'Tims (Timothy John Randrup)','76561198115760109','2026-06-08T04:07:36.158Z'),
(37,5,185,'skem','76561198060859959','2026-06-08T04:07:36.158Z'),
(38,1,186,'Yatoro','76561198281846390','2026-06-08T04:07:36.158Z'),
(38,2,187,'Larl','76561198066570770','2026-06-08T04:07:36.158Z'),
(38,3,188,'Collapse','76561198262479756','2026-06-08T04:07:36.158Z'),
(38,4,189,'rue','76561198807831324','2026-06-08T04:07:36.158Z'),
(38,5,190,'pantomem','76561198069224497','2026-06-08T04:07:36.158Z'),
(39,1,191,'Kiritych~','76561198132365456','2026-06-08T04:07:36.158Z'),
(39,2,192,'gpk','76561198440678391','2026-06-08T04:07:36.158Z'),
(39,3,193,'MieRo`','76561198125830326','2026-06-08T04:07:36.158Z'),
(39,4,194,'Save-','76561198278146366','2026-06-08T04:07:36.158Z'),
(39,5,195,'Kataomi`','76561198157143864','2026-06-08T04:07:36.158Z'),
(40,1,196,'Ame','76561198859019881','2026-06-08T04:07:36.158Z'),
(40,2,197,'NothingToSay','76561198134243802','2026-06-08T04:07:36.158Z'),
(40,3,198,'Xxs','76561198090224486','2026-06-08T04:07:36.158Z'),
(40,4,199,'fy','76561198061960890','2026-06-08T04:07:36.158Z'),
(40,5,200,'xNova','76561198054561825','2026-06-08T04:07:36.158Z'),
(41,1,201,'𝒑𝒂𝒓𝒌𝒆𝒓','76561199131509476','2026-06-08T04:07:36.158Z'),
(41,2,202,'bzm','76561198053884305','2026-06-08T04:07:36.158Z'),
(41,3,203,'33','76561198046964005','2026-06-08T04:07:36.158Z'),
(41,4,204,'Ari','76561198306678091','2026-06-08T04:07:36.158Z'),
(41,5,205,'Whitemon','76561198097094819','2026-06-08T04:07:36.158Z'),
(42,1,206,'skiter','76561198060324070','2026-06-08T04:07:36.158Z'),
(42,2,207,'Lorenof','76561198170319579','2026-06-08T04:07:36.158Z'),
(42,3,208,'ATF','76561198143985114','2026-06-08T04:07:36.158Z'),
(42,4,209,'Cr1t-','76561197986172872','2026-06-08T04:07:36.158Z'),
(42,5,210,'Sneyking','76561197970632344','2026-06-08T04:07:36.158Z'),
(43,1,211,'Yuma','76561198137469680','2026-06-08T04:07:36.158Z'),
(43,2,212,'osito','76561198986960197','2026-06-08T04:07:36.158Z'),
(43,3,213,'Wisper','76561198253187000','2026-06-08T04:07:36.158Z'),
(43,4,214,'Thiolicor','76561198065311019','2026-06-08T04:07:36.158Z'),
(43,5,215,'KJ','76561198041572126','2026-06-08T04:07:36.158Z'),
(44,1,216,'Crystallis','76561198087883707','2026-06-08T04:07:36.158Z'),
(44,2,217,'MidOne','76561198076851106','2026-06-08T04:07:36.158Z'),
(44,3,218,'BOOM (Miroslav Bičan)','76561198151092467','2026-06-08T04:07:36.158Z'),
(44,4,219,'yamich','76561197969669202','2026-06-08T04:07:36.158Z'),
(44,5,220,'Seleri','76561198051995905','2026-06-08T04:07:36.158Z'),
(45,1,221,'V-Tune','76561198112721251','2026-06-08T04:07:36.158Z'),
(45,2,222,'Mikoto','76561198262015854','2026-06-08T04:07:36.158Z'),
(45,3,223,'Ws`','76561198087108257','2026-06-08T04:07:36.158Z'),
(45,4,224,'Mira','76561198216422051','2026-06-08T04:07:36.158Z'),
(45,5,225,'kaori','76561198280485594','2026-06-08T04:07:36.158Z'),
(46,1,226,'Satanic','76561199004267995','2026-06-08T04:07:36.158Z'),
(46,2,227,'Noone','76561198066839629','2026-06-08T04:07:36.158Z'),
(46,3,228,'SSS','76561198362849605','2026-06-08T04:07:36.158Z'),
(46,4,229,'9Class','76561198124464930','2026-06-08T04:07:36.158Z'),
(46,5,230,'Dukalis','76561198033666810','2026-06-08T04:07:36.158Z'),
(47,1,231,'23','76561198335773646','2026-06-08T04:07:36.158Z'),
(47,2,232,'Mac','76561198064777854','2026-06-08T04:07:36.158Z'),
(47,3,233,'Jabz (Anucha Jirawong)','76561198060737259','2026-06-08T04:07:36.158Z'),
(47,4,234,'Q','76561198154081419','2026-06-08T04:07:36.158Z'),
(47,5,235,'Jaunuel (Jaunuel Arcilla)','76561198108792701','2026-06-08T04:07:36.158Z'),
(48,1,236,'watson;,.&#x27;','76561198131528630','2026-06-08T04:07:36.158Z'),
(48,2,237,'CHIRA_JUNIOR','76561198272702702','2026-06-08T04:07:36.158Z'),
(48,3,238,'DM','76561198016617237','2026-06-08T04:07:36.158Z'),
(48,4,239,'Saksa','76561198064001473','2026-06-08T04:07:36.158Z'),
(48,5,240,'Malady','76561198054083399','2026-06-08T04:07:36.158Z'),
(49,1,241,'Wits','76561198324023750','2026-06-08T04:07:36.158Z'),
(49,2,242,'DarkMago♥','76561198312811439','2026-06-08T04:07:36.158Z'),
(49,3,243,'^','76561198213002780','2026-06-08T04:07:36.158Z'),
(49,4,244,'Scofield:?KAT','76561198118255226','2026-06-08T04:07:36.158Z'),
(49,5,245,'elmisho','76561198991812820','2026-06-08T04:07:36.158Z'),
(50,1,246,'Natsumi-','76561198315434494','2026-06-08T04:07:36.158Z'),
(50,2,247,'Yopaj','76561198284543628','2026-06-08T04:07:36.158Z'),
(50,3,248,'Nikko','76561198106977679','2026-06-08T04:07:36.158Z'),
(50,4,249,'Tims (Timothy John Randrup)','76561198115760109','2026-06-08T04:07:36.158Z'),
(50,5,250,'skem','76561198060859959','2026-06-08T04:07:36.158Z'),
(51,1,251,'Yatoro','76561198281846390','2026-06-08T04:07:36.158Z'),
(51,2,252,'Larl','76561198066570770','2026-06-08T04:07:36.158Z'),
(51,3,253,'Collapse','76561198262479756','2026-06-08T04:07:36.158Z'),
(51,4,254,'rue','76561198807831324','2026-06-08T04:07:36.158Z'),
(51,5,255,'pantomem','76561198069224497','2026-06-08T04:07:36.158Z'),
(52,1,256,'rincyq','76561198379208564','2026-06-08T04:07:36.158Z'),
(52,2,257,'No!ob','76561198100563280','2026-06-08T04:07:36.158Z'),
(52,3,258,'Davai Lama','76561198099146304','2026-06-08T04:07:36.158Z'),
(52,4,259,'OmaR','76561198112433885','2026-06-08T04:07:36.158Z'),
(52,5,260,'GH','76561198061622614','2026-06-08T04:07:36.158Z'),
(53,1,261,'Kiritych~','76561198132365456','2026-06-08T04:07:36.158Z'),
(53,2,262,'gpk','76561198440678391','2026-06-08T04:07:36.158Z'),
(53,3,263,'MieRo`','76561198125830326','2026-06-08T04:07:36.158Z'),
(53,4,264,'Save-','76561198278146366','2026-06-08T04:07:36.158Z'),
(53,5,265,'Kataomi`','76561198157143864','2026-06-08T04:07:36.158Z'),
(54,1,266,'Ame','76561198859019881','2026-06-08T04:07:36.158Z'),
(54,2,267,'NothingToSay','76561198134243802','2026-06-08T04:07:36.158Z'),
(54,3,268,'Xxs','76561198090224486','2026-06-08T04:07:36.158Z'),
(54,4,269,'fy','76561198061960890','2026-06-08T04:07:36.158Z'),
(54,5,270,'xNova','76561198054561825','2026-06-08T04:07:36.158Z'),
(55,1,271,'Pure','76561198292121258','2026-06-08T04:07:36.158Z'),
(55,2,272,'bzm','76561198053884305','2026-06-08T04:07:36.158Z'),
(55,3,273,'33','76561198046964005','2026-06-08T04:07:36.158Z'),
(55,4,274,'Ari','76561198306678091','2026-06-08T04:07:36.158Z'),
(55,5,275,'Whitemon','76561198097094819','2026-06-08T04:07:36.158Z'),
(56,1,276,'skiter','76561198060324070','2026-06-08T04:07:36.158Z'),
(56,2,277,'Malr1ne','76561198858721548','2026-06-08T04:07:36.158Z'),
(56,3,278,'ATF','76561198143985114','2026-06-08T04:07:36.158Z'),
(56,4,279,'Cr1t-','76561197986172872','2026-06-08T04:07:36.158Z'),
(56,5,280,'Sneyking','76561197970632344','2026-06-08T04:07:36.158Z'),
(57,1,281,'Crystallis','76561198087883707','2026-06-08T04:07:36.158Z'),
(57,2,282,'MidOne','76561198076851106','2026-06-08T04:07:36.158Z'),
(57,3,283,'BOOM (Miroslav Bičan)','76561198151092467','2026-06-08T04:07:36.158Z'),
(57,4,284,'yamich','76561197969669202','2026-06-08T04:07:36.158Z'),
(57,5,285,'Seleri','76561198051995905','2026-06-08T04:07:36.158Z'),
(58,1,286,'Ghost','76561198166908095','2026-06-08T04:07:36.158Z'),
(58,2,287,'Moon (Kam Boon Seng)','76561198073723523','2026-06-08T04:07:36.158Z'),
(58,3,288,'Yang (Zhou Haiyang)','76561198100203650','2026-06-08T04:07:36.158Z'),
(58,4,289,'Borax','76561198168095042','2026-06-08T04:07:36.158Z'),
(58,5,290,'天命','76561198119113501','2026-06-08T04:07:36.158Z'),
(59,1,291,'Nightfall','76561198085066985','2026-06-08T04:07:36.158Z'),
(59,2,292,'Mikoto','76561198262015854','2026-06-08T04:07:36.158Z'),
(59,3,293,'Ws`','76561198087108257','2026-06-08T04:07:36.158Z'),
(59,4,294,'Mira','76561198216422051','2026-06-08T04:07:36.158Z'),
(59,5,295,'kaori','76561198280485594','2026-06-08T04:07:36.158Z'),
(60,1,296,'Satanic','76561199004267995','2026-06-08T04:07:36.158Z'),
(60,2,297,'Noone','76561198066839629','2026-06-08T04:07:36.158Z'),
(60,3,298,'SSS','76561198362849605','2026-06-08T04:07:36.158Z'),
(60,4,299,'9Class','76561198124464930','2026-06-08T04:07:36.158Z'),
(60,5,300,'Dukalis','76561198033666810','2026-06-08T04:07:36.158Z'),
(61,1,301,'watson;,.&#x27;','76561198131528630','2026-06-08T04:07:36.158Z'),
(61,2,302,'CHIRA_JUNIOR','76561198272702702','2026-06-08T04:07:36.158Z'),
(61,3,303,'Noticed','76561198155374326','2026-06-08T04:07:36.158Z'),
(61,4,304,'Saksa','76561198064001473','2026-06-08T04:07:36.158Z'),
(61,5,305,'Malady','76561198054083399','2026-06-08T04:07:36.158Z'),
(62,1,306,'TraVins','76561198100676739','2026-06-08T04:07:36.158Z'),
(62,2,307,'inYourdreaM','76561198141981865','2026-06-08T04:07:36.158Z'),
(62,3,308,'Fbz','76561198116593985','2026-06-08T04:07:36.158Z'),
(62,4,309,'dalul','76561198115713420','2026-06-08T04:07:36.158Z'),
(62,5,310,'Varizh','76561198078824878','2026-06-08T04:07:36.158Z'),
(63,1,311,'Timado','76561198057924346','2026-06-08T04:07:36.158Z'),
(63,2,312,'Abed','76561198114980808','2026-06-08T04:07:36.158Z'),
(63,3,313,'SabeRLighT','76561198086478594','2026-06-08T04:07:36.158Z'),
(63,4,314,'Hellscream','76561198202149894','2026-06-08T04:07:36.158Z'),
(63,5,315,'Fly','76561198054420884','2026-06-08T04:07:36.158Z'),
(64,1,316,'Shad','76561198125228597','2026-06-08T04:07:36.158Z'),
(64,2,317,'RCY (Francis Fundemera)','76561198115239974','2026-06-08T04:07:36.158Z'),
(64,3,318,'Fayde (Victor Zuev)','76561198120384745','2026-06-08T04:07:36.158Z'),
(64,4,319,'Bignum (Danil Shehovtsov)','76561198050689479','2026-06-08T04:07:36.158Z'),
(64,5,320,'Speeed','76561198151628603','2026-06-08T04:07:36.158Z'),
(65,1,321,'gotthejuice','76561198917469777','2026-06-08T04:07:36.158Z'),
(65,2,322,'Niku','76561198145856102','2026-06-08T04:07:36.158Z'),
(65,3,323,'pma','76561198796129863','2026-06-08T04:07:36.158Z'),
(65,4,324,'Zayac','76561198071296043','2026-06-08T04:07:36.158Z'),
(65,5,325,'Riddys','76561198091257032','2026-06-08T04:07:36.158Z'),
(66,1,326,'Smiling Knight','76561198115428035','2026-06-08T04:07:36.158Z'),
(66,2,327,'DarkMago♥','76561198312811439','2026-06-08T04:07:36.158Z'),
(66,3,328,'^','76561198213002780','2026-06-08T04:07:36.158Z'),
(66,4,329,'Scofield:?KAT','76561198118255226','2026-06-08T04:07:36.158Z'),
(66,5,330,'elmisho','76561198991812820','2026-06-08T04:07:36.158Z'),
(67,1,331,'miCKe','76561198113227791','2026-06-08T04:07:36.158Z'),
(67,2,332,'Nisha','76561198161624340','2026-06-08T04:07:36.158Z'),
(67,3,333,'Ace','76561198057856286','2026-06-08T04:07:36.158Z'),
(67,4,334,'Boxi','76561198037756242','2026-06-08T04:07:36.158Z'),
(67,5,335,'tOfu','76561197976763535','2026-06-08T04:07:36.158Z'),
(68,1,336,'Natsumi-','76561198315434494','2026-06-08T04:07:36.158Z'),
(68,2,337,'Yopaj','76561198284543628','2026-06-08T04:07:36.158Z'),
(68,3,338,'Nikko','76561198106977679','2026-06-08T04:07:36.158Z'),
(68,4,339,'Tims (Timothy John Randrup)','76561198115760109','2026-06-08T04:07:36.158Z'),
(68,5,340,'skem','76561198060859959','2026-06-08T04:07:36.158Z'),
(69,1,341,'Yatoro','76561198281846390','2026-06-08T04:07:36.158Z'),
(69,2,342,'captain deathmarried','76561198077131619','2026-06-08T04:07:36.158Z'),
(69,3,343,'Collapse','76561198262479756','2026-06-08T04:07:36.158Z'),
(69,4,344,'rue','76561198807831324','2026-06-08T04:07:36.158Z'),
(69,5,345,'pantomem','76561198069224497','2026-06-08T04:07:36.158Z'),
(70,1,346,'Palos','76561198349287917','2026-06-08T04:07:36.158Z'),
(70,2,347,'Bob','76561198133644429','2026-06-08T04:07:36.158Z'),
(70,3,348,'Tino','76561198297841390','2026-06-08T04:07:36.158Z'),
(70,4,349,'Shanks','76561198360128526','2026-06-08T04:07:36.158Z'),
(70,5,350,'cml','76561198060881833','2026-06-08T04:07:36.158Z'),
(71,1,351,'Kiritych~','76561198132365456','2026-06-08T04:07:36.158Z'),
(71,2,352,'gpk','76561198440678391','2026-06-08T04:07:36.158Z'),
(71,3,353,'MieRo`','76561198125830326','2026-06-08T04:07:36.158Z'),
(71,4,354,'Save-','76561198278146366','2026-06-08T04:07:36.158Z'),
(71,5,355,'Kataomi`','76561198157143864','2026-06-08T04:07:36.158Z'),
(72,1,356,'Ame','76561198859019881','2026-06-08T04:07:36.158Z'),
(72,2,357,'NothingToSay','76561198134243802','2026-06-08T04:07:36.158Z'),
(72,3,358,'Xxs','76561198090224486','2026-06-08T04:07:36.158Z'),
(72,4,359,'fy','76561198061960890','2026-06-08T04:07:36.158Z'),
(72,5,360,'xNova','76561198054561825','2026-06-08T04:07:36.158Z'),
(73,1,361,'Pure','76561198292121258','2026-06-08T04:07:36.158Z'),
(73,2,362,'bzm','76561198053884305','2026-06-08T04:07:36.158Z'),
(73,3,363,'33','76561198046964005','2026-06-08T04:07:36.158Z'),
(73,4,364,'Ari','76561198306678091','2026-06-08T04:07:36.158Z'),
(73,5,365,'Whitemon','76561198097094819','2026-06-08T04:07:36.158Z'),
(74,1,366,'skiter','76561198060324070','2026-06-08T04:07:36.158Z'),
(74,2,367,'Malr1ne','76561198858721548','2026-06-08T04:07:36.158Z'),
(74,3,368,'Fraser','76561198052753168','2026-06-08T04:07:36.158Z'),
(74,4,369,'Cr1t-','76561197986172872','2026-06-08T04:07:36.158Z'),
(74,5,370,'Sneyking','76561197970632344','2026-06-08T04:07:36.158Z'),
(75,1,371,'Crystallis','76561198087883707','2026-06-08T04:07:36.158Z'),
(75,2,372,'MidOne','76561198076851106','2026-06-08T04:07:36.158Z'),
(75,3,373,'BOOM','76561198151092467','2026-06-08T04:12:04.900Z'),
(75,4,374,'yamich','76561197969669202','2026-06-08T04:07:36.158Z'),
(75,5,375,'Seleri','76561198051995905','2026-06-08T04:07:36.158Z'),
(76,1,376,'flyfly','76561198128294443','2026-06-08T04:07:36.158Z'),
(76,2,377,'Moon (Kam Boon Seng)','76561198073723523','2026-06-08T04:07:36.158Z'),
(76,3,378,'Yang (Zhou Haiyang)','76561198100203650','2026-06-08T04:07:36.158Z'),
(76,4,379,'Borax','76561198168095042','2026-06-08T04:07:36.158Z'),
(76,5,380,'天命','76561198119113501','2026-06-08T04:07:36.158Z'),
(77,1,381,'Nightfall','76561198085066985','2026-06-08T04:07:36.158Z'),
(77,2,382,'Lorenof','76561198170319579','2026-06-08T04:07:36.158Z'),
(77,3,383,'Ws`','76561198087108257','2026-06-08T04:07:36.158Z'),
(77,4,384,'Mira','76561198216422051','2026-06-08T04:07:36.158Z'),
(77,5,385,'kaori','76561198280485594','2026-06-08T04:07:36.158Z'),
(78,1,386,'Satanic','76561199004267995','2026-06-08T04:07:36.158Z'),
(78,2,387,'Noone','76561198066839629','2026-06-08T04:07:36.158Z'),
(78,3,388,'SSS','76561198362849605','2026-06-08T04:07:36.158Z'),
(78,4,389,'9Class','76561198124464930','2026-06-08T04:07:36.158Z'),
(78,5,390,'Dukalis','76561198033666810','2026-06-08T04:07:36.158Z'),
(79,1,391,'watson;,.&#x27;','76561198131528630','2026-06-08T04:07:36.158Z'),
(79,2,392,'CHIRA_JUNIOR','76561198272702702','2026-06-08T04:07:36.158Z'),
(79,3,393,'Noticed','76561198155374326','2026-06-08T04:07:36.158Z'),
(79,4,394,'Saksa','76561198064001473','2026-06-08T04:07:36.158Z'),
(79,5,395,'Malady','76561198054083399','2026-06-08T04:07:36.158Z'),
(80,1,396,'Yamsun (Luke Wang)','76561198041741031','2026-06-08T04:07:36.158Z'),
(80,2,397,'RCY (Francis Fundemera)','76561198115239974','2026-06-08T04:07:36.158Z'),
(80,3,398,'Fayde (Victor Zuev)','76561198120384745','2026-06-08T04:07:36.158Z'),
(80,4,399,'Bignum (Danil Shehovtsov)','76561198050689479','2026-06-08T04:07:36.158Z'),
(80,5,400,'Speeed','76561198151628603','2026-06-08T04:07:36.158Z'),
(81,1,401,'Naive-','76561198056449704','2026-06-08T04:07:36.158Z'),
(81,2,402,'Nicky`Cool','76561198254401149','2026-06-08T04:07:36.158Z'),
(81,3,403,'alberkaaa','76561198324005381','2026-06-08T04:07:36.158Z'),
(81,4,404,'Immersion','76561198255963198','2026-06-08T04:07:36.158Z'),
(81,5,405,'Hduo','76561198145325287','2026-06-08T04:07:36.158Z'),
(82,1,406,'miCKe','76561198113227791','2026-06-08T04:07:36.158Z'),
(82,2,407,'Nisha','76561198161624340','2026-06-08T04:07:36.158Z'),
(82,3,408,'Ace','76561198057856286','2026-06-08T04:07:36.158Z'),
(82,4,409,'Ekki','76561198190753457','2026-06-08T04:07:36.158Z'),
(82,5,410,'tOfu','76561197976763535','2026-06-08T04:07:36.158Z'),
(83,1,411,'Shigetsu','76561198155245255','2026-06-08T04:07:36.158Z'),
(83,2,412,'Огузок сильнейший игрок на поле','76561198820411296','2026-06-08T04:07:36.158Z'),
(83,3,413,'GAMBOT-PARIS','76561198101100823','2026-06-08T04:07:36.158Z'),
(83,4,414,'not me','76561198178497315','2026-06-08T04:07:36.158Z'),
(83,5,415,'Xakoda','76561198177738041','2026-06-08T04:07:36.158Z'),
(84,1,416,'selfhate','76561199001542402','2026-06-08T04:07:36.158Z'),
(84,2,417,'young G','76561198087796531','2026-06-08T04:07:36.158Z'),
(84,3,418,'GygyGaga','76561198118338524','2026-06-08T04:07:36.158Z'),
(84,4,419,'Milizé','76561198074427891','2026-06-08T04:07:36.158Z'),
(84,5,420,'VaniLLl','76561198081106244','2026-06-08T04:07:36.158Z'),
(85,1,421,'Yatoro','76561198281846390','2026-06-08T04:07:36.158Z'),
(85,2,422,'Larl','76561198066570770','2026-06-08T04:07:36.158Z'),
(85,3,423,'GAMBOT-PARIS','76561198101100823','2026-06-08T04:07:36.158Z'),
(85,4,424,'rue','76561198807831324','2026-06-08T04:07:36.158Z'),
(85,5,425,'pantomem','76561198069224497','2026-06-08T04:07:36.158Z'),
(86,1,426,'rincyq','76561198379208564','2026-06-08T04:07:36.158Z'),
(86,2,427,'No!ob','76561198100563280','2026-06-08T04:07:36.158Z'),
(86,3,428,'Davai Lama','76561198099146304','2026-06-08T04:07:36.158Z'),
(86,4,429,'OmaR','76561198112433885','2026-06-08T04:07:36.158Z'),
(86,5,430,'GH','76561198061622614','2026-06-08T04:07:36.158Z'),
(87,1,431,'v1olent','76561198085710797','2026-06-08T04:07:36.158Z'),
(87,2,432,'squad1x','76561198083289601','2026-06-08T04:07:36.158Z'),
(87,3,433,'мистер мораль','76561198344054190','2026-06-08T04:07:36.158Z'),
(87,4,434,'swedenstrong','76561198135577625','2026-06-08T04:07:36.158Z'),
(87,5,435,'命運 reinprince','76561198083083221','2026-06-08T04:07:36.158Z'),
(88,1,436,'ssnovv1','76561198280283328','2026-06-08T04:07:36.158Z'),
(88,2,437,'Mirage`','76561198100517430','2026-06-08T04:07:36.158Z'),
(88,3,438,'Fraser','76561198052753168','2026-06-08T04:07:36.158Z'),
(88,4,439,'sayuw','76561198105331603','2026-06-08T04:07:36.158Z'),
(88,5,440,'RESPECT','76561198084053443','2026-06-08T04:07:36.158Z'),
(89,1,441,'Yuma','76561198137469680','2026-06-08T04:07:36.158Z'),
(89,2,442,'osito','76561198986960197','2026-06-08T04:07:36.158Z'),
(89,3,443,'Wisper','76561198253187000','2026-06-08T04:07:36.158Z'),
(89,4,444,'Thiolicor','76561198065311019','2026-06-08T04:07:36.158Z'),
(89,5,445,'KJ','76561198041572126','2026-06-08T04:07:36.158Z'),
(90,1,446,'Crystallis','76561198087883707','2026-06-08T04:07:36.158Z'),
(90,2,447,'MidOne','76561198076851106','2026-06-08T04:07:36.158Z'),
(90,3,448,'BOOM (Miroslav Bičan)','76561198151092467','2026-06-08T04:07:36.158Z'),
(90,4,449,'yamich','76561197969669202','2026-06-08T04:07:36.158Z'),
(90,5,450,'aik','76561199162533405','2026-06-08T04:07:36.158Z'),
(91,1,451,'DarkLord^','76561198839283708','2026-06-08T04:07:36.158Z'),
(91,2,452,'dualrazee','76561198183648070','2026-06-08T04:07:36.158Z'),
(91,3,453,'Palantimos (Nikita Grinkevich)','76561198077147248','2026-06-08T04:07:36.158Z'),
(91,4,454,'queezy小个子','76561198166363094','2026-06-08T04:07:36.158Z'),
(91,5,455,'asdekor_r','76561199636164625','2026-06-08T04:07:36.158Z'),
(92,1,456,'Satanic','76561199004267995','2026-06-08T04:07:36.158Z'),
(92,2,457,'Noone','76561198066839629','2026-06-08T04:07:36.158Z'),
(92,3,458,'SSS','76561198362849605','2026-06-08T04:07:36.158Z'),
(92,4,459,'9Class','76561198124464930','2026-06-08T04:07:36.158Z'),
(92,5,460,'Dukalis','76561198033666810','2026-06-08T04:07:36.158Z'),
(93,1,461,'dream','76561198201785287','2026-06-08T04:07:36.158Z'),
(93,2,462,'Mannik (Brezgin Vitaliy)','76561198032658807','2026-06-08T04:07:36.158Z'),
(93,3,463,'Nefrit','76561198076514883','2026-06-08T04:07:36.158Z'),
(93,4,464,'dEsire','76561198075730682','2026-06-08T04:07:36.158Z'),
(93,5,465,'MoOz','76561198309576604','2026-06-08T04:07:36.158Z'),
(94,1,466,'extract','76561198216710721','2026-06-08T04:07:36.158Z'),
(94,2,467,'Serenada','76561198360069944','2026-06-08T04:07:36.158Z'),
(94,3,468,'Faith_bian','76561198272808425','2026-06-08T04:07:36.158Z'),
(94,4,469,'опиаты круг','76561198808117561','2026-06-08T04:07:36.158Z'),
(94,5,470,'JANTER','76561198245547980','2026-06-08T04:07:36.158Z'),
(95,1,471,'lowskill','76561198059151539','2026-06-08T04:07:36.158Z'),
(95,2,472,'Copy','76561198075917020','2026-06-08T04:07:36.158Z'),
(95,3,473,'Malik','76561198163616783','2026-06-08T04:07:36.158Z'),
(95,4,474,'Zayac','76561198071296043','2026-06-08T04:07:36.158Z'),
(95,5,475,'Rainy...','76561198329608198','2026-06-08T04:07:36.158Z'),
(96,1,476,'I&#x27;m sorry','76561198194385478','2026-06-08T04:07:36.158Z'),
(96,2,477,'Ethereal','76561199114063829','2026-06-08T04:07:36.158Z'),
(96,3,478,'Ankou ♡','76561199635783225','2026-06-08T04:07:36.158Z'),
(96,4,479,'panacea','76561198395405098','2026-06-08T04:07:36.158Z'),
(96,5,480,'Kidaro','76561198064599776','2026-06-08T04:07:36.158Z'),
(97,1,481,'Timado','76561198057924346','2026-06-08T04:07:36.158Z'),
(97,2,482,'Abed','76561198114980808','2026-06-08T04:07:36.158Z'),
(97,3,483,'SabeRLighT','76561198086478594','2026-06-08T04:07:36.158Z'),
(97,4,484,'Hellscream','76561198202149894','2026-06-08T04:07:36.158Z'),
(97,5,485,'Fly','76561198054420884','2026-06-08T04:07:36.158Z'),
(98,1,486,'goat','76561198868519959','2026-06-08T04:07:36.158Z'),
(98,2,487,'?','76561198124313075','2026-06-08T04:07:36.158Z'),
(98,3,488,'ice3','76561198852751809','2026-06-08T04:07:36.158Z'),
(98,4,489,'Aidar','76561198148617232','2026-06-08T04:07:36.158Z'),
(98,5,490,'marty supreme','76561198442630632','2026-06-08T04:07:36.158Z'),
(99,1,491,'Ghost','76561198166908095','2026-06-08T04:07:36.158Z'),
(99,2,492,'RCY (Francis Fundemera)','76561198115239974','2026-06-08T04:07:36.158Z'),
(99,3,493,'Fayde (Victor Zuev)','76561198120384745','2026-06-08T04:07:36.158Z'),
(99,4,494,'Bignum (Danil Shehovtsov)','76561198050689479','2026-06-08T04:07:36.158Z'),
(99,5,495,'Speeed','76561198151628603','2026-06-08T04:07:36.158Z'),
(100,1,496,'Retsu','76561198125376168','2026-06-08T04:07:36.158Z'),
(100,2,497,'Ainkrad','76561198156748474','2026-06-08T04:07:36.158Z'),
(100,3,498,'zarich','76561199185239944','2026-06-08T04:07:36.158Z'),
(100,4,499,'Kyzko','76561198044651463','2026-06-08T04:07:36.158Z'),
(100,5,500,'Solo','76561198094822422','2026-06-08T04:07:36.158Z'),
(101,1,501,'Naive-','76561198056449704','2026-06-08T04:07:36.158Z'),
(101,2,502,'4naloG','76561198091569360','2026-06-08T04:07:36.158Z'),
(101,3,503,'DM','76561198016617237','2026-06-08T04:07:36.158Z'),
(101,4,504,'daze','76561198880001595','2026-06-08T04:07:36.158Z'),
(101,5,505,'SoNNeikO','76561198077687195','2026-06-08T04:07:36.158Z'),
(102,1,506,'nesfeer','76561199617401429','2026-06-08T04:07:36.158Z'),
(102,2,507,'Nicky`Cool','76561198254401149','2026-06-08T04:07:36.158Z'),
(102,3,508,'alberkaaa','76561198324005381','2026-06-08T04:07:36.158Z'),
(102,4,509,'Immersion','76561198255963198','2026-06-08T04:07:36.158Z'),
(102,5,510,'Hduo','76561198145325287','2026-06-08T04:07:36.158Z'),
(103,1,511,'miCKe','76561198113227791','2026-06-08T04:07:36.158Z'),
(103,2,512,'Nisha','76561198161624340','2026-06-08T04:07:36.158Z'),
(103,3,513,'Ace','76561198057856286','2026-06-08T04:07:36.158Z'),
(103,4,514,'Boxi','76561198037756242','2026-06-08T04:07:36.158Z'),
(103,5,515,'tOfu','76561197976763535','2026-06-08T04:07:36.158Z'),
(104,1,516,'selfhate','76561199001542402','2026-06-08T04:07:36.158Z'),
(104,2,517,'young G','76561198087796531','2026-06-08T04:07:36.158Z'),
(104,3,518,'GygyGaga','76561198118338524','2026-06-08T04:07:36.158Z'),
(104,4,519,'velheor','76561198042571493','2026-06-08T04:07:36.158Z'),
(104,5,520,'VaniLLl','76561198081106244','2026-06-08T04:07:36.158Z'),
(105,1,521,'Yatoro','76561198281846390','2026-06-08T04:07:36.158Z'),
(105,2,522,'captain deathmarried','76561198077131619','2026-06-08T04:07:36.158Z'),
(105,3,523,'Collapse','76561198262479756','2026-06-08T04:07:36.158Z'),
(105,4,524,'rue','76561198807831324','2026-06-08T04:07:36.158Z'),
(105,5,525,'pantomem','76561198069224497','2026-06-08T04:07:36.158Z'),
(106,1,526,'rincyq','76561198379208564','2026-06-08T04:07:36.158Z'),
(106,2,527,'SumaiL','76561198071885769','2026-06-08T04:07:36.158Z'),
(106,3,528,'No!ob','76561198100563280','2026-06-08T04:07:36.158Z'),
(106,4,529,'OmaR','76561198112433885','2026-06-08T04:07:36.158Z'),
(106,5,530,'GH','76561198061622614','2026-06-08T04:07:36.158Z'),
(107,1,531,'Kiritych~','76561198132365456','2026-06-08T04:07:36.158Z'),
(107,2,532,'gpk','76561198440678391','2026-06-08T04:07:36.158Z'),
(107,3,533,'MieRo`','76561198125830326','2026-06-08T04:07:36.158Z'),
(107,4,534,'Save-','76561198278146366','2026-06-08T04:07:36.158Z'),
(107,5,535,'Kataomi`','76561198157143864','2026-06-08T04:07:36.158Z'),
(108,1,536,'Munkushi~','76561198864397064','2026-06-08T04:07:36.158Z'),
(108,2,537,'squad1x','76561198083289601','2026-06-08T04:07:36.158Z'),
(108,3,538,'SSS','76561198362849605','2026-06-08T04:07:36.158Z'),
(108,4,539,'swedenstrong','76561198135577625','2026-06-08T04:07:36.158Z'),
(108,5,540,'命運 reinprince','76561198083083221','2026-06-08T04:07:36.158Z'),
(109,1,541,'v1olent','76561198085710797','2026-06-08T04:07:36.158Z'),
(109,2,542,'erase','76561198133804972','2026-06-08T04:07:36.158Z'),
(109,3,543,'bb3px','76561198053792248','2026-06-08T04:07:36.158Z'),
(109,4,544,'0000.','76561199052823453','2026-06-08T04:07:36.158Z'),
(109,5,545,'RESPECT','76561198084053443','2026-06-08T04:07:36.158Z'),
(110,1,546,'Crystallis','76561198087883707','2026-06-08T04:07:36.158Z'),
(110,2,547,'MidOne','76561198076851106','2026-06-08T04:07:36.158Z'),
(110,3,548,'BOOM (Miroslav Bičan)','76561198151092467','2026-06-08T04:07:36.158Z'),
(110,4,549,'yamich','76561197969669202','2026-06-08T04:07:36.158Z'),
(110,5,550,'Seleri','76561198051995905','2026-06-08T04:07:36.158Z'),
(111,1,551,'Naive-','76561198056449704','2026-06-08T04:07:36.158Z'),
(111,2,552,'Lorenof','76561198170319579','2026-06-08T04:07:36.158Z'),
(111,3,553,'Ws`','76561198087108257','2026-06-08T04:07:36.158Z'),
(111,4,554,'Mira','76561198216422051','2026-06-08T04:07:36.158Z'),
(111,5,555,'kaori','76561198280485594','2026-06-08T04:07:36.158Z'),
(112,1,556,'Smiling Knight','76561198115428035','2026-06-08T04:07:36.158Z'),
(112,2,557,'dualrazee','76561198183648070','2026-06-08T04:07:36.158Z'),
(112,3,558,'Fraser','76561198052753168','2026-06-08T04:07:36.158Z'),
(112,4,559,'Wein','76561199642445187','2026-06-08T04:07:36.158Z'),
(112,5,560,'asdekor_r','76561199636164625','2026-06-08T04:07:36.158Z'),
(113,1,561,'dream','76561198201785287','2026-06-08T04:07:36.158Z'),
(113,2,562,'Mannik (Brezgin Vitaliy)','76561198032658807','2026-06-08T04:07:36.158Z'),
(113,3,563,'Nefrit','76561198076514883','2026-06-08T04:07:36.158Z'),
(113,4,564,'dEsire','76561198075730682','2026-06-08T04:07:36.158Z'),
(113,5,565,'MoOz','76561198309576604','2026-06-08T04:07:36.158Z'),
(114,1,566,'watson;,.&#x27;','76561198131528630','2026-06-08T04:07:36.158Z'),
(114,2,567,'CHIRA_JUNIOR','76561198272702702','2026-06-08T04:07:36.158Z'),
(114,3,568,'Noticed','76561198155374326','2026-06-08T04:07:36.158Z'),
(114,4,569,'Saksa','76561198064001473','2026-06-08T04:07:36.158Z'),
(114,5,570,'Malady','76561198054083399','2026-06-08T04:07:36.158Z'),
(115,1,571,'extract','76561198216710721','2026-06-08T04:07:36.158Z'),
(115,2,572,'Огузок сильнейший игрок на поле','76561198820411296','2026-06-08T04:07:36.158Z'),
(115,3,573,'Faith_bian','76561198272808425','2026-06-08T04:07:36.158Z'),
(115,4,574,'опиаты круг','76561198808117561','2026-06-08T04:07:36.158Z'),
(115,5,575,'JANTER','76561198245547980','2026-06-08T04:07:36.158Z'),
(116,1,576,'DarkLord^','76561198839283708','2026-06-08T04:07:36.158Z'),
(116,2,577,'Copy','76561198075917020','2026-06-08T04:07:36.158Z'),
(116,3,578,'Palantimos (Nikita Grinkevich)','76561198077147248','2026-06-08T04:07:36.158Z'),
(116,4,579,'Ekki','76561198190753457','2026-06-08T04:07:36.158Z'),
(116,5,580,'aik','76561199162533405','2026-06-08T04:07:36.158Z'),
(117,1,581,'I&#x27;m sorry','76561198194385478','2026-06-08T04:07:36.158Z'),
(117,2,582,'Ethereal','76561199114063829','2026-06-08T04:07:36.158Z'),
(117,3,583,'Ankou ♡','76561199635783225','2026-06-08T04:07:36.158Z'),
(117,4,584,'panacea','76561198395405098','2026-06-08T04:07:36.158Z'),
(117,5,585,'help me my lord','76561198129782488','2026-06-08T04:07:36.158Z'),
(118,1,586,'Timado','76561198057924346','2026-06-08T04:07:36.158Z'),
(118,2,587,'Serenada','76561198360069944','2026-06-08T04:07:36.158Z'),
(118,3,588,'SabeRLighT','76561198086478594','2026-06-08T04:07:36.158Z'),
(118,4,589,'Hellscream','76561198202149894','2026-06-08T04:07:36.158Z'),
(118,5,590,'Fly','76561198054420884','2026-06-08T04:07:36.158Z'),
(119,1,591,'x123','76561198418552734','2026-06-08T04:07:36.158Z'),
(119,2,592,'✝✝✝','76561198131074803','2026-06-08T04:07:36.158Z'),
(119,3,593,'laise','76561198077779997','2026-06-08T04:07:36.158Z'),
(119,4,594,'daze','76561198880001595','2026-06-08T04:07:36.158Z'),
(119,5,595,'Se','76561198156665769','2026-06-08T04:07:36.158Z'),
(120,1,596,'icq`','76561199012367377','2026-06-08T04:07:36.158Z'),
(120,2,597,'MTD','76561198072692644','2026-06-08T04:07:36.158Z'),
(120,3,598,'MinD_ContRoL','76561197994770931','2026-06-08T04:07:36.158Z'),
(120,4,599,'islA','76561198063428070','2026-06-08T04:07:36.158Z'),
(120,5,600,'9odfeh','76561198970438787','2026-06-08T04:07:36.158Z'),
(121,1,601,'Flawless','76561198955663092','2026-06-08T04:07:36.158Z'),
(121,2,602,'G.T.I','76561198123418214','2026-06-08T04:07:36.158Z'),
(121,3,603,'Wuiter','76561198054110977','2026-06-08T04:07:36.158Z'),
(121,4,604,'Jeezy','76561198083983404','2026-06-08T04:07:36.158Z'),
(121,5,605,'Stoic','76561198123326860','2026-06-08T04:07:36.158Z'),
(122,1,606,'lowskill','76561198059151539','2026-06-08T04:07:36.158Z'),
(122,2,607,'Stojkov','76561198222741728','2026-06-08T04:07:36.158Z'),
(122,3,608,'tensa zangetsu','76561198292608343','2026-06-08T04:07:36.158Z'),
(122,4,609,'ponlo','76561198154149969','2026-06-08T04:07:36.158Z'),
(122,5,610,'Tobi','76561198100554096','2026-06-08T04:07:36.158Z'),
(123,1,611,'gotthejuice','76561198917469777','2026-06-08T04:07:36.158Z'),
(123,2,612,'Niku','76561198145856102','2026-06-08T04:07:36.158Z'),
(123,3,613,'pma','76561198796129863','2026-06-08T04:07:36.158Z'),
(123,4,614,'Zayac','76561198071296043','2026-06-08T04:07:36.158Z'),
(123,5,615,'Riddys','76561198091257032','2026-06-08T04:07:36.158Z'),
(124,1,616,'miCKe','76561198113227791','2026-06-08T04:07:36.158Z'),
(124,2,617,'Nisha','76561198161624340','2026-06-08T04:07:36.158Z'),
(124,3,618,'Ace','76561198057856286','2026-06-08T04:07:36.158Z'),
(124,4,619,'Boxi','76561198037756242','2026-06-08T04:07:36.158Z'),
(124,5,620,'tOfu','76561197976763535','2026-06-08T04:07:36.158Z'),
(125,1,621,'Natsumi-','76561198315434494','2026-06-08T04:07:36.158Z'),
(125,2,622,'Yopaj','76561198284543628','2026-06-08T04:07:36.158Z'),
(125,3,623,'Nikko','76561198106977679','2026-06-08T04:07:36.158Z'),
(125,4,624,'Tims (Timothy John Randrup)','76561198115760109','2026-06-08T04:07:36.158Z'),
(125,5,625,'skem','76561198060859959','2026-06-08T04:07:36.158Z'),
(126,1,626,'Yatoro','76561198281846390','2026-06-08T04:07:36.158Z'),
(126,2,627,'captain deathmarried','76561198077131619','2026-06-08T04:07:36.158Z'),
(126,3,628,'Collapse','76561198262479756','2026-06-08T04:07:36.158Z'),
(126,4,629,'rue','76561198807831324','2026-06-08T04:07:36.158Z'),
(126,5,630,'pantomem','76561198069224497','2026-06-08T04:07:36.158Z'),
(127,1,631,'Ame','76561198859019881','2026-06-08T04:07:36.158Z'),
(127,2,632,'NothingToSay','76561198134243802','2026-06-08T04:07:36.158Z'),
(127,3,633,'Xxs','76561198090224486','2026-06-08T04:07:36.158Z'),
(127,4,634,'fy','76561198061960890','2026-06-08T04:07:36.158Z'),
(127,5,635,'xNova','76561198054561825','2026-06-08T04:07:36.158Z'),
(128,1,636,'Pure','76561198292121258','2026-06-08T04:07:36.158Z'),
(128,2,637,'bzm','76561198053884305','2026-06-08T04:07:36.158Z'),
(128,3,638,'33','76561198046964005','2026-06-08T04:07:36.158Z'),
(128,4,639,'Ari','76561198306678091','2026-06-08T04:07:36.158Z'),
(128,5,640,'Whitemon','76561198097094819','2026-06-08T04:07:36.158Z'),
(129,1,641,'skiter','76561198060324070','2026-06-08T04:07:36.158Z'),
(129,2,642,'Malr1ne','76561198858721548','2026-06-08T04:07:36.158Z'),
(129,3,643,'ATF','76561198143985114','2026-06-08T04:07:36.158Z'),
(129,4,644,'Cr1t-','76561197986172872','2026-06-08T04:07:36.158Z'),
(129,5,645,'Sneyking','76561197970632344','2026-06-08T04:07:36.158Z'),
(130,1,646,'Yuma','76561198137469680','2026-06-08T04:07:36.158Z'),
(130,2,647,'osito','76561198986960197','2026-06-08T04:07:36.158Z'),
(130,3,648,'Wisper','76561198253187000','2026-06-08T04:07:36.158Z'),
(130,4,649,'Thiolicor','76561198065311019','2026-06-08T04:07:36.158Z'),
(130,5,650,'KJ','76561198041572126','2026-06-08T04:07:36.158Z'),
(131,1,651,'Crystallis','76561198087883707','2026-06-08T04:07:36.158Z'),
(131,2,652,'MidOne','76561198076851106','2026-06-08T04:07:36.158Z'),
(131,3,653,'BOOM (Miroslav Bičan)','76561198151092467','2026-06-08T04:07:36.158Z'),
(131,4,654,'yamich','76561197969669202','2026-06-08T04:07:36.158Z'),
(131,5,655,'Seleri','76561198051995905','2026-06-08T04:07:36.158Z'),
(132,1,656,'watson;,.&#x27;','76561198131528630','2026-06-08T04:07:36.158Z'),
(132,2,657,'CHIRA_JUNIOR','76561198272702702','2026-06-08T04:07:36.158Z'),
(132,3,658,'Noticed','76561198155374326','2026-06-08T04:07:36.158Z'),
(132,4,659,'Saksa','76561198064001473','2026-06-08T04:07:36.158Z'),
(132,5,660,'Malady','76561198054083399','2026-06-08T04:07:36.158Z'),
(133,1,661,'TraVins','76561198100676739','2026-06-08T04:07:36.158Z'),
(133,2,662,'inYourdreaM','76561198141981865','2026-06-08T04:07:36.158Z'),
(133,3,663,'Fbz','76561198116593985','2026-06-08T04:07:36.158Z'),
(133,4,664,'dalul','76561198115713420','2026-06-08T04:07:36.158Z'),
(133,5,665,'Varizh','76561198078824878','2026-06-08T04:07:36.158Z'),
(134,1,666,'Yamsun (Luke Wang)','76561198041741031','2026-06-08T04:07:36.158Z'),
(134,2,667,'RCY (Francis Fundemera)','76561198115239974','2026-06-08T04:07:36.158Z'),
(134,3,668,'Fayde (Victor Zuev)','76561198120384745','2026-06-08T04:07:36.158Z'),
(134,4,669,'Bignum (Danil Shehovtsov)','76561198050689479','2026-06-08T04:07:36.158Z'),
(134,5,670,'Speeed','76561198151628603','2026-06-08T04:07:36.158Z'),
(135,1,671,'Natsumi-','76561198315434494','2026-06-08T04:07:36.158Z'),
(135,2,672,'Yopaj','76561198284543628','2026-06-08T04:07:36.158Z'),
(135,3,673,'Nikko','76561198106977679','2026-06-08T04:07:36.158Z'),
(135,4,674,'Tims (Timothy John Randrup)','76561198115760109','2026-06-08T04:07:36.158Z'),
(135,5,675,'skem','76561198060859959','2026-06-08T04:07:36.158Z'),
(136,1,676,'Yatoro','76561198281846390','2026-06-08T04:07:36.158Z'),
(136,2,677,'Larl','76561198066570770','2026-06-08T04:07:36.158Z'),
(136,3,678,'Collapse','76561198262479756','2026-06-08T04:07:36.158Z'),
(136,4,679,'rue','76561198807831324','2026-06-08T04:07:36.158Z'),
(136,5,680,'pantomem','76561198069224497','2026-06-08T04:07:36.158Z'),
(137,1,681,'Ame','76561198859019881','2026-06-08T04:07:36.158Z'),
(137,2,682,'NothingToSay','76561198134243802','2026-06-08T04:07:36.158Z'),
(137,3,683,'Xxs','76561198090224486','2026-06-08T04:07:36.158Z'),
(137,4,684,'fy','76561198061960890','2026-06-08T04:07:36.158Z'),
(137,5,685,'xNova','76561198054561825','2026-06-08T04:07:36.158Z'),
(138,1,686,'Pure','76561198292121258','2026-06-08T04:07:36.158Z'),
(138,2,687,'bzm','76561198053884305','2026-06-08T04:07:36.158Z'),
(138,3,688,'33','76561198046964005','2026-06-08T04:07:36.158Z'),
(138,4,689,'Ari','76561198306678091','2026-06-08T04:07:36.158Z'),
(138,5,690,'Whitemon','76561198097094819','2026-06-08T04:07:36.158Z'),
(139,1,691,'skiter','76561198060324070','2026-06-08T04:07:36.158Z'),
(139,2,692,'Malr1ne','76561198858721548','2026-06-08T04:07:36.158Z'),
(139,3,693,'ATF','76561198143985114','2026-06-08T04:07:36.158Z'),
(139,4,694,'Cr1t-','76561197986172872','2026-06-08T04:07:36.158Z'),
(139,5,695,'Sneyking','76561197970632344','2026-06-08T04:07:36.158Z'),
(140,1,696,'Satanic','76561199004267995','2026-06-08T04:07:36.158Z'),
(140,2,697,'Noone','76561198066839629','2026-06-08T04:07:36.158Z'),
(140,3,698,'DM','76561198016617237','2026-06-08T04:07:36.158Z'),
(140,4,699,'9Class','76561198124464930','2026-06-08T04:07:36.158Z'),
(140,5,700,'Dukalis','76561198033666810','2026-06-08T04:07:36.158Z'),
(141,1,701,'watson;,.&#x27;','76561198131528630','2026-06-08T04:07:36.158Z'),
(141,2,702,'CHIRA_JUNIOR','76561198272702702','2026-06-08T04:07:36.158Z'),
(141,3,703,'Noticed','76561198155374326','2026-06-08T04:07:36.158Z'),
(141,4,704,'Saksa','76561198064001473','2026-06-08T04:07:36.158Z'),
(141,5,705,'Malady','76561198054083399','2026-06-08T04:07:36.158Z'),
(142,1,706,'Timado','76561198057924346','2026-06-08T04:07:36.158Z'),
(142,2,707,'Abed','76561198114980808','2026-06-08T04:07:36.158Z'),
(142,3,708,'SabeRLighT','76561198086478594','2026-06-08T04:07:36.158Z'),
(142,4,709,'Hellscream','76561198202149894','2026-06-08T04:07:36.158Z'),
(142,5,710,'Fly','76561198054420884','2026-06-08T04:07:36.158Z');

COMMIT;